-- MySQL dump 10.13  Distrib 8.0.42, for Win64 (x86_64)
--
-- Host: backendsethor.mysql.database.azure.com    Database: sethor
-- ------------------------------------------------------
-- Server version	8.0.40-azure

/*!40101 SET @OLD_CHARACTER_SET_CLIENT=@@CHARACTER_SET_CLIENT */;
/*!40101 SET @OLD_CHARACTER_SET_RESULTS=@@CHARACTER_SET_RESULTS */;
/*!40101 SET @OLD_COLLATION_CONNECTION=@@COLLATION_CONNECTION */;
/*!50503 SET NAMES utf8 */;
/*!40103 SET @OLD_TIME_ZONE=@@TIME_ZONE */;
/*!40103 SET TIME_ZONE='+00:00' */;
/*!40014 SET @OLD_UNIQUE_CHECKS=@@UNIQUE_CHECKS, UNIQUE_CHECKS=0 */;
/*!40014 SET @OLD_FOREIGN_KEY_CHECKS=@@FOREIGN_KEY_CHECKS, FOREIGN_KEY_CHECKS=0 */;
/*!40101 SET @OLD_SQL_MODE=@@SQL_MODE, SQL_MODE='NO_AUTO_VALUE_ON_ZERO' */;
/*!40111 SET @OLD_SQL_NOTES=@@SQL_NOTES, SQL_NOTES=0 */;

--
-- Dumping data for table `assigned_user_functions`
--

USE sethor;

LOCK TABLES `assigned_user_functions` WRITE;
/*!40000 ALTER TABLE `assigned_user_functions` DISABLE KEYS */;
INSERT INTO `assigned_user_functions` (`id`, `createdAt`, `updatedAt`, `usersBusinessId`, `businessFunctionId`) VALUES ('1a1d94cc-fc8c-4f32-ae17-91d24f776549','2024-08-28 00:47:33','2024-08-28 00:47:33','e6494b0f-d8ab-495e-a8e4-4000144b2f90','1ad7d51e-28cd-4047-8b39-dd8a5062b4ca'),('3233c6bd-afdc-472b-8320-f4c5cfb4ed99','2024-08-28 00:47:33','2024-08-28 00:47:33','e6494b0f-d8ab-495e-a8e4-4000144b2f90','7c77ed60-7c0a-4f31-a576-00eece1bfda4'),('6cdb8927-5394-4f28-acc8-d25cc5bb49fa','2024-08-28 00:47:33','2024-08-28 00:47:33','e6494b0f-d8ab-495e-a8e4-4000144b2f90','b1ee786f-7b8b-41cd-b2da-9e81660ffeda'),('bf8d1a11-2710-4268-8b2a-9e724e768d79','2024-08-28 00:47:33','2024-08-28 00:47:33','e6494b0f-d8ab-495e-a8e4-4000144b2f90','c8a6f694-4740-4486-a5e2-c4f4fde48611');
/*!40000 ALTER TABLE `assigned_user_functions` ENABLE KEYS */;
UNLOCK TABLES;

--
-- Dumping data for table `available_countries`
--

-- LOCK TABLES `available_countries` WRITE;
-- /*!40000 ALTER TABLE `available_countries` DISABLE KEYS */;
-- INSERT INTO `available_countries` (`id`, `country`, `currency`, `telephonePrefix`, `phoneMaxLength`, `createdAt`, `updatedAt`) VALUES ('2c454d4a-8574-4172-8299-12413834306a','Chile','CLP','+56',9,'2024-09-21 04:05:07','2024-09-21 04:05:07'),('fcd06057-31d9-4a54-b64c-561ae49802be','República Dominicana','DOP','+1',10,'2024-09-21 04:05:07','2024-09-21 04:05:07');
-- /*!40000 ALTER TABLE `available_countries` ENABLE KEYS */;
-- UNLOCK TABLES;

--
-- Dumping data for table `branches`
--

LOCK TABLES `branches` WRITE;
/*!40000 ALTER TABLE `branches` DISABLE KEYS */;
INSERT INTO `branches` (`id`, `name`, `address`, `googleMap`, `operatingHours`, `createdAt`, `updatedAt`, `businessId`, `country_cca2`, `main`, `photo`) VALUES ('08fe6d52-4efa-4d9b-b290-23358e8cc34b','Gran Refugio Bustamante','General Bustamante 674, Providencia, Santiago, Chile','https://goo.gl/maps/5sqEjRZ9JdF2','{\"monday\":{\"start\":\"12:30 pm\",\"end\":\"12:00 am\"},\"tuesday\":{\"start\":\"12:30 pm\",\"end\":\"12:00 am\"},\"wednesday\":{\"start\":\"12:30 pm\",\"end\":\"12:00 am\"},\"thursday\":{\"start\":\"12:30 pm\",\"end\":\"12:00 am\"},\"friday\":{\"start\":\"12:30 pm\",\"end\":\"12:00 am\"},\"saturday\":{\"start\":\"12:30 pm\",\"end\":\"12:00 am\"},\"sunday\":{\"start\":\"Cerrado\",\"end\":\"Cerrado\"}}','2024-08-27 01:02:00','2024-08-27 01:02:00','c1c6ad80-e6a0-4c52-a63c-0554d7c066fe','CL',0,NULL),('42895632-4f4e-4544-bcb4-abae9ca36c43','Gran Refugio Providencia','Av. Manuel Montt 101, Providencia, Santiago, Chile','https://goo.gl/maps/YzXdo1jGsQ5p7PZ88','{\"monday\":{\"start\":\"12:30 pm\",\"end\":\"12:00 am\"},\"tuesday\":{\"start\":\"12:30 pm\",\"end\":\"12:00 am\"},\"wednesday\":{\"start\":\"12:30 pm\",\"end\":\"12:00 am\"},\"thursday\":{\"start\":\"12:30 pm\",\"end\":\"12:00 am\"},\"friday\":{\"start\":\"12:30 pm\",\"end\":\"12:00 am\"},\"saturday\":{\"start\":\"12:30 pm\",\"end\":\"12:00 am\"},\"sunday\":{\"start\":\"01:00 pm\",\"end\":\"11:00 pm\"}}','2024-08-27 01:01:35','2024-08-27 01:01:35','c1c6ad80-e6a0-4c52-a63c-0554d7c066fe','CL',1,NULL),('46d5389a-03ce-41c0-af2a-d2fbd13b24fd','ydhs','didje','idkd','{\"Monday\":{\"open\":\"2024-09-21T05:00:00.000Z\",\"close\":\"2024-09-21T05:00:00.000Z\"},\"Tuesday\":{\"open\":\"2024-09-21T05:00:00.000Z\",\"close\":\"2024-09-21T05:00:00.000Z\"},\"Wednesday\":{\"open\":\"2024-09-21T05:00:00.000Z\",\"close\":\"2024-09-21T05:00:00.000Z\"},\"Thursday\":{\"open\":\"2024-09-21T05:00:00.000Z\",\"close\":\"2024-09-21T05:00:00.000Z\"},\"Friday\":{\"open\":\"2024-09-21T05:00:00.000Z\",\"close\":\"2024-09-21T05:00:00.000Z\"},\"Saturday\":{\"open\":\"2024-09-21T05:00:00.000Z\",\"close\":\"2024-09-21T05:00:00.000Z\"},\"Sunday\":{\"open\":\"2024-09-21T05:00:00.000Z\",\"close\":\"2024-09-21T05:00:00.000Z\"}}','2024-09-21 16:05:02','2024-09-21 16:05:02','c1c6ad80-e6a0-4c52-a63c-0554d7c066fe','DO',0,NULL),('4ade2025-88e8-4174-88bf-bb87978bdae2','Prueba 1 sucursal','Av. Madddnuel Montt 101, Providencia, Santiago, Chile','https://goo.gl/maps/YzXdo1jGsQ5p7PZ88','{\"monday\":{\"start\":\"09:00 am\",\"end\":\"18:00 pm\"},\"tuesday\":{\"start\":\"09:00 am\",\"end\":\"18:00 pm\"},\"wednesday\":{\"start\":\"09:00 am\",\"end\":\"18:00 pm\"},\"thursday\":{\"start\":\"09:00 am\",\"end\":\"18:00 pm\"},\"friday\":{\"start\":\"09:00 am\",\"end\":\"18:00 pm\"},\"saturday\":{\"start\":\"09:00 am\",\"end\":\"18:00 pm\"},\"sunday\":{\"start\":\"09:00 am\",\"end\":\"18:00 pm\"}}','2025-01-02 20:13:09','2025-01-02 20:13:09','c1c6ad80-e6a0-4c52-a63c-0554d7c066fe','CL',0,NULL),('4c8a6923-7ebb-4b3b-8a5c-548f0315ce04','Prueba 1 sucursal','Av. Madddnuel Montt 101, Providencia, Santiago, Chile','https://goo.gl/maps/YzXdo1jGsQ5p7PZ88','{\"monday\":{\"start\":\"09:00 am\",\"end\":\"18:00 pm\"},\"tuesday\":{\"start\":\"09:00 am\",\"end\":\"18:00 pm\"},\"wednesday\":{\"start\":\"09:00 am\",\"end\":\"18:00 pm\"},\"thursday\":{\"start\":\"09:00 am\",\"end\":\"18:00 pm\"},\"friday\":{\"start\":\"09:00 am\",\"end\":\"18:00 pm\"},\"saturday\":{\"start\":\"09:00 am\",\"end\":\"18:00 pm\"},\"sunday\":{\"start\":\"09:00 am\",\"end\":\"18:00 pm\"}}','2025-01-04 17:28:09','2025-01-04 17:28:09','c1c6ad80-e6a0-4c52-a63c-0554d7c066fe','CL',0,NULL),('78a810f5-edaf-43ba-8f92-ee4ca5076243','Prueba 1 sucursal','Av. Madddnuel Montt 101, Providencia, Santiago, Chile','https://goo.gl/maps/YzXdo1jGsQ5p7PZ88','{\"monday\":{\"start\":\"09:00 am\",\"end\":\"18:00 pm\"},\"tuesday\":{\"start\":\"09:00 am\",\"end\":\"18:00 pm\"},\"wednesday\":{\"start\":\"09:00 am\",\"end\":\"18:00 pm\"},\"thursday\":{\"start\":\"09:00 am\",\"end\":\"18:00 pm\"},\"friday\":{\"start\":\"09:00 am\",\"end\":\"18:00 pm\"},\"saturday\":{\"start\":\"09:00 am\",\"end\":\"18:00 pm\"},\"sunday\":{\"start\":\"09:00 am\",\"end\":\"18:00 pm\"}}','2025-01-02 20:12:55','2025-01-02 20:12:55','c1c6ad80-e6a0-4c52-a63c-0554d7c066fe','CL',0,NULL),('a101ff37-195a-4f9a-8401-f3c1793228a1','chiel','sucuesl clh','ueke','{\"Monday\":{\"open\":\"2024-09-21T05:00:00.000Z\",\"close\":\"2024-09-21T05:00:00.000Z\"},\"Tuesday\":{\"open\":\"2024-09-21T05:00:00.000Z\",\"close\":\"2024-09-21T05:00:00.000Z\"},\"Wednesday\":{\"open\":\"2024-09-21T05:00:00.000Z\",\"close\":\"2024-09-21T05:00:00.000Z\"},\"Thursday\":{\"open\":\"2024-09-21T05:00:00.000Z\",\"close\":\"2024-09-21T05:00:00.000Z\"},\"Friday\":{\"open\":\"2024-09-21T05:00:00.000Z\",\"close\":\"2024-09-21T05:00:00.000Z\"},\"Saturday\":{\"open\":\"2024-09-21T05:00:00.000Z\",\"close\":\"2024-09-21T05:00:00.000Z\"},\"Sunday\":{\"open\":\"2024-09-21T05:00:00.000Z\",\"close\":\"2024-09-21T05:00:00.000Z\"}}','2024-09-21 16:05:02','2024-09-21 16:05:02','c1c6ad80-e6a0-4c52-a63c-0554d7c066fe','CL',0,NULL),('cf1c0b9c-64d2-45ea-b715-7739c3f84340','Prueba 1 sucursal','Av. Madddnuel Montt 101, Providencia, Santiago, Chile','https://goo.gl/maps/YzXdo1jGsQ5p7PZ88','{\"monday\":{\"start\":\"09:00 am\",\"end\":\"18:00 pm\"},\"tuesday\":{\"start\":\"09:00 am\",\"end\":\"18:00 pm\"},\"wednesday\":{\"start\":\"09:00 am\",\"end\":\"18:00 pm\"},\"thursday\":{\"start\":\"09:00 am\",\"end\":\"18:00 pm\"},\"friday\":{\"start\":\"09:00 am\",\"end\":\"18:00 pm\"},\"saturday\":{\"start\":\"09:00 am\",\"end\":\"18:00 pm\"},\"sunday\":{\"start\":\"09:00 am\",\"end\":\"18:00 pm\"}}','2025-01-03 15:53:52','2025-01-03 15:53:52','c1c6ad80-e6a0-4c52-a63c-0554d7c066fe','CL',0,NULL),('e09fef1e-1462-47fd-a772-d8fcc01ef9c8','Prueba 1 sucursal','Av. Madddnuel Montt 101, Providencia, Santiago, Chile','https://goo.gl/maps/YzXdo1jGsQ5p7PZ88','{\"monday\":{\"start\":\"09:00 am\",\"end\":\"18:00 pm\"},\"tuesday\":{\"start\":\"09:00 am\",\"end\":\"18:00 pm\"},\"wednesday\":{\"start\":\"09:00 am\",\"end\":\"18:00 pm\"},\"thursday\":{\"start\":\"09:00 am\",\"end\":\"18:00 pm\"},\"friday\":{\"start\":\"09:00 am\",\"end\":\"18:00 pm\"},\"saturday\":{\"start\":\"09:00 am\",\"end\":\"18:00 pm\"},\"sunday\":{\"start\":\"09:00 am\",\"end\":\"18:00 pm\"}}','2025-01-03 15:59:14','2025-01-03 15:59:14','c1c6ad80-e6a0-4c52-a63c-0554d7c066fe','CL',0,NULL);
/*!40000 ALTER TABLE `branches` ENABLE KEYS */;
UNLOCK TABLES;

--
-- Dumping data for table `business_functions`
--

LOCK TABLES `business_functions` WRITE;
/*!40000 ALTER TABLE `business_functions` DISABLE KEYS */;
INSERT INTO `business_functions` (`id`, `name`, `description`, `createdAt`, `updatedAt`) VALUES ('1ad7d51e-28cd-4047-8b39-dd8a5062b4ca','Historial de ventas','Permite ver el historial de ventas del negocio, incluyendo detalles de transacciones pasadas.','2024-08-26 23:17:36','2024-08-26 23:17:36'),('7c77ed60-7c0a-4f31-a576-00eece1bfda4','Gestión de sucursales','Permite gestionar las sucursales del negocio, incluyendo agregar, editar y eliminar sucursales.','2024-08-26 23:17:36','2024-08-26 23:17:36'),('b1ee786f-7b8b-41cd-b2da-9e81660ffeda','Gestión de estadísticas','Permite acceder a estadísticas y métricas relacionadas con el rendimiento del negocio.','2024-08-26 23:17:36','2024-08-26 23:17:36'),('c8a6f694-4740-4486-a5e2-c4f4fde48611','Gestión de cobradores','Permite gestionar cobradores del negocio, incluyendo asignar tareas y revisar informes de cobro.','2024-08-26 23:17:36','2024-08-26 23:17:36'),('fc8a7589-2e53-4f63-b961-a29ac6e487ed','Gestión de inventario','Permite gestionar el inventario del negocio, incluyendo agregar, editar y eliminar productos.','2024-08-26 23:17:36','2024-08-26 23:17:36');
/*!40000 ALTER TABLE `business_functions` ENABLE KEYS */;
UNLOCK TABLES;

--
-- Dumping data for table `businesses`
--

LOCK TABLES `businesses` WRITE;
/*!40000 ALTER TABLE `businesses` DISABLE KEYS */;
INSERT INTO `businesses` (`id`, `name`, `rut_business`, `tax_code`, `description`, `address`, `profilePicture`, `coverPicture`, `validated_business`, `createdAt`, `updatedAt`, `ownerId`, `PSPWalletId`, `typeCompany`) VALUES ('16502ca5-8286-4d4f-a44e-f345d84e4ce9','Relse','111','123456','sector inmobiliario',NULL,'https://images.unsplash.com/photo-1502005229762-cf1b2da7c5d6?crop=entropy&cs=tinysrgb&fit=max&fm=jpg&ixid=M3w1NTIwNjR8MHwxfHNlYXJjaHwzfHxyZWFsJTIwc3RhdGV8ZW58MHx8fHwxNzI2MjcyOTA5fDA&ixlib=rb-4.0.3&q=80&w=400','https://images.unsplash.com/photo-1486406146926-c627a92ad1ab?crop=entropy&cs=tinysrgb&fit=max&fm=jpg&ixid=M3w1NTIwNjR8MHwxfHNlYXJjaHwyN3x8cmVhbCUyMHN0YXRlfGVufDB8fHx8MTcyNjMzNjYzNXww&ixlib=rb-4.0.3&q=80&w=400',1,'2024-09-14 17:55:03','2024-09-14 17:57:23','021922a8-0a96-42c3-b942-1e9df1f6c701','ewallet_c06ffdea5f3628a890cecfdabb1c6d3f','BT001'),('c1c6ad80-e6a0-4c52-a63c-0554d7c066fe','Gran Refugio','GR-456879T','97984655132','¡Bienvenidos a Gran Refugio! Somos el epicentro del Stand Up Comedy en Santiago, donde el buen humor se combina con una experiencia gastronómica única. Con tres pisos dedicados exclusivamente a la comedia en vivo, ofrecemos shows simultáneos de lunes a sábado para que disfrutes de una noche llena de risas y entretenimiento. Además, nuestro menú está diseñado para compartir momentos con amigos, con deliciosas hamburguesas, tablas y una variada selección de cervezas y tragos. ¡Ven a vivir una noche inolvidable con nosotros en Gran Refugio!','Rancagua 395, 7501121 Providencia, Región Metropolitana, Chile','https://encrypted-tbn0.gstatic.com/images?q=tbn:ANd9GcS_9O2lUMr_y8n6Z7sysxitTlkm6saq_-3jZQ&s','https://i.pinimg.com/736x/29/7e/0f/297e0fb5e49edbc4b8f7745b1422d2c1.jpg',1,'2024-08-26 23:44:28','2024-08-26 23:50:37','3857581b-a4f1-4977-831a-bbc3374a06a4','ewallet_3e4e3c5d0faebbd9fa1ce650e4580e7f','BT001');
/*!40000 ALTER TABLE `businesses` ENABLE KEYS */;
UNLOCK TABLES;

--
-- Dumping data for table `buyinguserstatistics`
--

LOCK TABLES `buyinguserstatistics` WRITE;
/*!40000 ALTER TABLE `buyinguserstatistics` DISABLE KEYS */;
/*!40000 ALTER TABLE `buyinguserstatistics` ENABLE KEYS */;
UNLOCK TABLES;

--
-- Dumping data for table `cards`
--

LOCK TABLES `cards` WRITE;
/*!40000 ALTER TABLE `cards` DISABLE KEYS */;
INSERT INTO `cards` (`id`, `userId`, `cardholderName`, `lastFourDigits`, `encryptedCardNumber`, `encryptedExpiryDate`, `brand`, `isActive`, `createdAt`, `updatedAt`) VALUES ('43ee8179-2e40-4181-bccb-07c8ef6e4e45','12','Juan Pérez','1111','{\"encrypted\":\"e6edb01c0a61257088e278c7342ec75236eeeb\",\"iv\":\"8916dccc47f2c9f89f8fcdd033afd120\",\"authTag\":\"41249ed7f46df012fd5b1c07dec0ef56\"}','{\"encrypted\":\"2181c2e43b\",\"iv\":\"aa23d63ede78bdbca9f92bc6f845e4cf\",\"authTag\":\"5bef25aede269f11888dd90e2eab002e\"}','visa',1,'2025-01-26 22:30:34','2025-01-26 22:30:34'),('8b1f47e6-fcee-4598-a02d-0ba9c2440a31','12','Juan Pérez','1111','{\"encrypted\":\"ee46cf0243d6e871750dcf3565e61c438168c6\",\"iv\":\"bc038c2de97909106726131f5151eb5a\",\"authTag\":\"b9ed4cd887bd24231dac524329509ee1\"}','{\"encrypted\":\"44d6a8aef8\",\"iv\":\"34f2ad2d1f4fd4ba600637b1ea5a4ce5\",\"authTag\":\"c3328b9e5ae1909a820f1786fdf1a28e\"}','visa',1,'2025-01-26 22:41:47','2025-01-26 22:41:47');
/*!40000 ALTER TABLE `cards` ENABLE KEYS */;
UNLOCK TABLES;

--
-- Dumping data for table `category_products`
--

LOCK TABLES `category_products` WRITE;
/*!40000 ALTER TABLE `category_products` DISABLE KEYS */;
INSERT INTO `category_products` (`id`, `name`, `createdAt`, `updatedAt`, `businessId`) VALUES ('430b39b4-9fb1-4723-a45b-533faec4a913','updated Combo','2025-01-01 20:30:48','2025-01-01 20:44:08','c1c6ad80-e6a0-4c52-a63c-0554d7c066fe'),('89f52709-decc-432f-92b2-6731e0d9ec1d','Hamb','2025-01-01 20:31:51','2025-01-01 20:31:51','c1c6ad80-e6a0-4c52-a63c-0554d7c066fe'),('b2651759-845d-4741-8c22-7229e2d9974f','Food','2025-01-01 20:31:42','2025-01-01 20:31:42','c1c6ad80-e6a0-4c52-a63c-0554d7c066fe'),('e76df0ad-4bc0-4b16-83ad-2ba760e000da','Drin','2025-01-01 20:31:47','2025-01-01 20:31:47','c1c6ad80-e6a0-4c52-a63c-0554d7c066fe');
/*!40000 ALTER TABLE `category_products` ENABLE KEYS */;
UNLOCK TABLES;

--
-- Dumping data for table `codes`
--

LOCK TABLES `codes` WRITE;
/*!40000 ALTER TABLE `codes` DISABLE KEYS */;
INSERT INTO `codes` (`id`, `code`, `email`, `createdAt`, `updatedAt`) VALUES ('10916a96-91c9-4f62-a9af-afbf9656481b','791207','gownerbeats@gmail.com','2024-09-13 22:51:43','2024-09-13 22:51:43'),('2382ea42-30db-40c5-8a33-86ec87730ae9','218808','gownerbeats@gmail.com','2024-09-13 22:47:59','2024-09-13 22:47:59'),('479675c2-4ed5-410d-9f17-747790a327a0','789943','gownerbeats@gmail.com','2024-09-13 22:49:10','2024-09-13 22:49:10'),('638bdcc5-ece4-4cd1-99ba-a035eeb20d63','826946','gownerbeats@gmail.com','2024-09-13 22:51:48','2024-09-13 22:51:48'),('8277172e-6d91-4d8f-80ba-8c7a186c1c49','924119','gownerbeats@gmail.com','2024-09-13 22:44:52','2024-09-13 22:44:52'),('fef6bc45-093f-4b2f-aef7-7e7fcf53792f','301580','gowner@gamil.com','2025-01-19 19:06:44','2025-01-19 19:06:44');
/*!40000 ALTER TABLE `codes` ENABLE KEYS */;
UNLOCK TABLES;

--
-- Dumping data for table `earningsstatistics`
--

LOCK TABLES `earningsstatistics` WRITE;
/*!40000 ALTER TABLE `earningsstatistics` DISABLE KEYS */;
/*!40000 ALTER TABLE `earningsstatistics` ENABLE KEYS */;
UNLOCK TABLES;

--
-- Dumping data for table `employees_associated_businesses`
--

LOCK TABLES `employees_associated_businesses` WRITE;
/*!40000 ALTER TABLE `employees_associated_businesses` DISABLE KEYS */;
INSERT INTO `employees_associated_businesses` (`id`, `createdAt`, `updatedAt`, `usersBusinessId`, `businessId`) VALUES ('1d718846-7bfa-4658-8b50-798d940e702c','2024-08-28 00:44:31','2024-08-28 00:44:31','12a2d8af-71b2-45c6-b7b1-17295da5e566','c1c6ad80-e6a0-4c52-a63c-0554d7c066fe'),('49e79e02-de7b-4ac9-b101-b3b921814713','2025-01-03 14:46:02','2025-01-03 14:46:02','8023cc3a-62b9-4ab1-bd02-7115f67e0363','c1c6ad80-e6a0-4c52-a63c-0554d7c066fe'),('5162cfe6-f0d0-4ec3-a799-c1423b143c7c','2025-01-03 14:47:31','2025-01-03 14:47:31','d3b3cb9d-a8fb-460f-8246-f1c03a2919c2','c1c6ad80-e6a0-4c52-a63c-0554d7c066fe'),('56d82223-bee3-4c49-a2b8-4b6f86a689c6','2024-08-28 00:47:33','2024-08-28 00:47:33','e6494b0f-d8ab-495e-a8e4-4000144b2f90','c1c6ad80-e6a0-4c52-a63c-0554d7c066fe'),('5f54c9e4-d804-43b5-b38a-100ae7e655a8','2025-01-03 14:44:20','2025-01-03 14:44:20','c0fc833b-d986-4860-ab4b-07c6f54d1262','c1c6ad80-e6a0-4c52-a63c-0554d7c066fe'),('90446a89-6c1e-4842-b9a5-ef6e0aabe37d','2025-01-02 20:47:05','2025-01-02 20:47:05','0b24ed59-2903-45d2-a9c4-366e6050bde1','c1c6ad80-e6a0-4c52-a63c-0554d7c066fe'),('dae82dbe-8fa5-4450-bafb-889c8483f24a','2025-01-03 14:38:48','2025-01-03 14:38:48','021922a8-0a96-42c3-b942-1e9df1f6c701','c1c6ad80-e6a0-4c52-a63c-0554d7c066fe'),('f3215bda-c403-4287-a800-0aa1a4511ddd','2025-01-03 14:47:15','2025-01-03 14:47:15','7cc1fecc-e5ea-4917-8e0f-696c18149bbd','c1c6ad80-e6a0-4c52-a63c-0554d7c066fe');
/*!40000 ALTER TABLE `employees_associated_businesses` ENABLE KEYS */;
UNLOCK TABLES;

--
-- Dumping data for table `help`
--

LOCK TABLES `help` WRITE;
/*!40000 ALTER TABLE `help` DISABLE KEYS */;
INSERT INTO `help` (`id`, `contactNumber`, `detail`, `docs`, `userType`, `userId`, `createdAt`, `updatedAt`) VALUES ('a0852e96-8b73-43c5-b5b4-6edb219e1d2c','+5698974948489','aasdasdadasdadadasdads',NULL,'client','47881bf7-71f6-4aa5-b0c6-52ed5469b0b1','2025-04-02 03:33:50','2025-04-02 03:33:50'),('c5efe528-365b-4a1b-8b69-cfe5fd7e0571','+56','898989wqeqewasd',NULL,'business','12a2d8af-71b2-45c6-b7b1-17295da5e566','2025-04-02 03:53:11','2025-04-02 03:53:11'),('ddb76224-dece-4309-bedc-a5319853ffc6','+56','vjkkjhvvkfjhxxjjddhhkzlyskKtLytslszlhlhzhlhdhlhlgkzkgldlhdhgslhlhldñhdñdhhllhlhlhhl',NULL,'client','47881bf7-71f6-4aa5-b0c6-52ed5469b0b1','2025-04-20 13:14:58','2025-04-20 13:14:58');
/*!40000 ALTER TABLE `help` ENABLE KEYS */;
UNLOCK TABLES;

-- --
-- -- Dumping data for table `identitydocuments`
-- --

-- LOCK TABLES `identitydocuments` WRITE;
-- /*!40000 ALTER TABLE `identitydocuments` DISABLE KEYS */;
-- /*!40000 ALTER TABLE `identitydocuments` ENABLE KEYS */;
-- UNLOCK TABLES;

--
-- Dumping data for table `invoices`
--

LOCK TABLES `invoices` WRITE;
/*!40000 ALTER TABLE `invoices` DISABLE KEYS */;
INSERT INTO `invoices` (`id`, `name`, `note`, `status`, `dateTimePayment`, `voucherNumber`, `products`, `subtotal`, `sth`, `totalIVA`, `totalGeneral`, `createdAt`, `updatedAt`, `collectorId`, `businessId`, `clientId`, `currency`, `discountValue`, `discountType`, `branchId`) VALUES ('067ab35e-51c9-4777-9c1f-01e2888ece61','Facturassssssssssssss de ejemplo','Esta es la nota de la factura puede ser opcional','draft',NULL,NULL,'[{\"id\":\"123e4567-e89b-12d3-a456-426614174000\",\"name\":\"Product A\",\"price\":19.99,\"quantity\":5,\"discountType\":\"percentage\",\"discountValue\":10},{\"id\":\"223e4567-e89b-12d3-a456-426614174001\",\"name\":\"Product B\",\"price\":29.99,\"quantity\":5,\"discountType\":\"fixed\",\"discountValue\":5}]',229.905,11.4952,22.9905,264.39,'2025-01-02 18:36:57','2025-01-02 18:36:57','12a2d8af-71b2-45c6-b7b1-17295da5e566',NULL,NULL,'CLP',5,'fixed','08fe6d52-4efa-4d9b-b290-23358e8cc34b'),('07a51bc0-bd68-4d2c-8d2a-d656a258c023','Facturassssssssssssss de ejemplo','Esta es la nota de la factura puede ser opcional','draft',NULL,NULL,'[{\"id\":\"123e4567-e89b-12d3-a456-426614174000\",\"name\":\"Product A\",\"price\":19.99,\"discountType\":\"percentage\",\"discountValue\":10},{\"id\":\"223e4567-e89b-12d3-a456-426614174001\",\"name\":\"Product B\",\"price\":29.99,\"discountType\":\"fixed\",\"discountValue\":5}]',100,5,10,115,'2025-01-02 18:06:52','2025-01-02 18:06:52','12a2d8af-71b2-45c6-b7b1-17295da5e566',NULL,NULL,'CLP',5,'fixed','08fe6d52-4efa-4d9b-b290-23358e8cc34b'),('09168af4-a07d-4d2a-a79b-9010c1cf9c99','gtd','dff','draft',NULL,NULL,'[{\"name\":\"El Remate Simple\",\"id\":\"4a976b62-6414-11ef-a225-0a002700000d\",\"category\":\"Hamburguesas\",\"offer\":null,\"type\":\"individual\",\"description\":\"Con esta te rematas... Cebolla caramelizada con BBQ, queso gouda lechuga, tocino, mayonesa\",\"photos\":null,\"price\":8900,\"profilePicture\":\"https://encrypted-tbn0.gstatic.com/images?q=tbn:ANd9GcQGb9iKgKPjBjdTu5f4OukQGgSCCpxlSREBUw&s\",\"branchId\":null,\"businessId\":\"c1c6ad80-e6a0-4c52-a63c-0554d7c066fe\"},{\"name\":\"Cangre Burguer Simple\",\"id\":\"4a976ec0-6414-11ef-a225-0a002700000d\",\"category\":\"Hamburguesas\",\"offer\":null,\"type\":\"individual\",\"description\":\"Solo una Cangreburger! Pan, vacuno con camarón, lechuga, mostaza pimineta, queso, sal de mar casera\",\"photos\":null,\"price\":8900,\"profilePicture\":\"https://cdn5.dibujos.net/dibujos/pintados/201127/73bfb9ff8a41ba827a0419354a3ca067.png\",\"branchId\":null,\"businessId\":\"c1c6ad80-e6a0-4c52-a63c-0554d7c066fe\"}]',17800,1.75,3382,21183.8,'2024-12-23 16:02:57','2024-12-23 16:02:57','12a2d8af-71b2-45c6-b7b1-17295da5e566','c1c6ad80-e6a0-4c52-a63c-0554d7c066fe',NULL,'CLP',NULL,'fixed',NULL),('0bb352da-45e7-4111-8c8a-cd32f3116b6e','Facturassssssssssssss de ejemplo','Esta es la nota de la factura puede ser opcional','draft',NULL,NULL,'[{\"name\":\"Producto 1\",\"price\":50},{\"name\":\"Producto 2\",\"price\":30},{\"name\":\"Producto 3\",\"price\":20}]',100,5,10,115,'2024-12-31 18:31:43','2024-12-31 18:31:43','12a2d8af-71b2-45c6-b7b1-17295da5e566','c1c6ad80-e6a0-4c52-a63c-0554d7c066fe',NULL,'CLP',NULL,'fixed',NULL),('1074c8110-2ad0-4cd7-adee-340f865a927','Factura 9','','paid','2025-01-05 14:00:00','V123458','[{\"name\":\"Sopa de Mariscos\",\"id\":\"7c975e29-6414-11ef-a225-0a002700000d\",\"category\":\"Sopas\",\"price\":8500,\"businessId\":\"c1c6ad80-e6a0-4c52-a63c-0554d7c066fe\"}]',12000,1.75,2160,14160,'2025-01-05 14:00:00','2025-01-05 14:00:00','12a2d8af-71b2-45c6-b7b1-17295da5e566','c1c6ad80-e6a0-4c52-a63c-0554d7c066fe',NULL,'CLP',NULL,'fixed',NULL),('1174c8110-2ad0-4cd7-adee-340f865a927','Factura 10','','paid','2025-01-06 13:45:00','V123459','[{\"name\":\"Ensalada César\",\"id\":\"8d975e29-6414-11ef-a225-0a002700000d\",\"category\":\"Ensaladas\",\"price\":7000,\"businessId\":\"c1c6ad80-e6a0-4c52-a63c-0554d7c066fe\"}]',15000,1.75,2700,17700,'2025-01-06 13:45:00','2025-01-06 13:45:00','12a2d8af-71b2-45c6-b7b1-17295da5e566','c1c6ad80-e6a0-4c52-a63c-0554d7c066fe','1e56bbf2-04d6-4d0a-8a5c-e9334c50fef5','CLP',NULL,'percentage',NULL),('1274c8110-2ad0-4cd7-adee-340f865a927','Factura 11','','paid','2025-01-06 16:30:00','V123460','[{\"name\":\"Palta Reina\",\"id\":\"4a975e28-6414-11ef-a225-0a002700000d\",\"category\":\"Ensaladas\",\"price\":7500,\"businessId\":\"c1c6ad80-e6a0-4c52-a63c-0554d7c066fe\"}]',16400,1.75,3116,19517.8,'2025-01-06 16:30:00','2025-01-06 16:30:00','12a2d8af-71b2-45c6-b7b1-17295da5e566','c1c6ad80-e6a0-4c52-a63c-0554d7c066fe','419395e2-f1c1-492d-90ce-1ce67b87be09','CLP',NULL,'fixed',NULL),('12dd452c-f423-4874-a307-296b2ef0acbc','Facturassssssssssssss de ejemplo','Esta es la nota de la factura puede ser opcional','draft',NULL,NULL,'[{\"id\":\"123e4567-e89b-12d3-a456-426614174000\",\"name\":\"Product A\",\"price\":19.99,\"quantity\":5,\"discountType\":\"percentage\",\"discountValue\":10},{\"id\":\"223e4567-e89b-12d3-a456-426614174001\",\"name\":\"Product B\",\"price\":29.99,\"quantity\":5,\"discountType\":\"fixed\",\"discountValue\":5}]',100,5,10,115,'2025-01-02 18:07:44','2025-01-02 18:07:44','12a2d8af-71b2-45c6-b7b1-17295da5e566',NULL,NULL,'CLP',5,'fixed','08fe6d52-4efa-4d9b-b290-23358e8cc34b'),('1374c8110-2ad0-4cd7-adee-340f865a927','Factura 12','','paid','2025-01-07 12:30:00','V123461','[{\"name\":\"Hamburguesa Clásica\",\"id\":\"5a9769de-6414-11ef-a225-0a002700000d\",\"category\":\"Hamburguesas\",\"price\":8900,\"businessId\":\"c1c6ad80-e6a0-4c52-a63c-0554d7c066fe\"}]',18000,1.75,3420,21240,'2025-01-07 12:30:00','2025-01-07 12:30:00','12a2d8af-71b2-45c6-b7b1-17295da5e566','c1c6ad80-e6a0-4c52-a63c-0554d7c066fe','3f46313a-be60-4230-a405-1114687be903','CLP',1000,'fixed',NULL),('13bb071e-0a24-4422-a48c-a7b81b1d9126','Facturassssssssssssss de ejemplo','Esta es la nota de la factura puede ser opcional','draft',NULL,NULL,'[{\"id\":\"123e4567-e89b-12d3-a456-426614174000\",\"name\":\"Product A\",\"price\":19.99,\"discountValue\":10},{\"id\":\"223e4567-e89b-12d3-a456-426614174001\",\"name\":\"Product B\",\"price\":29.99,\"discountType\":\"fixed\",\"discountValue\":5}]',100,5,10,115,'2025-01-02 18:05:37','2025-01-02 18:05:37','12a2d8af-71b2-45c6-b7b1-17295da5e566',NULL,NULL,'CLP',5,'fixed','08fe6d52-4efa-4d9b-b290-23358e8cc34b'),('1474c8110-2ad0-4cd7-adee-340f865a927','Factura 13','','paid','2025-01-07 13:30:00','V123462','[{\"name\":\"Pizza de Pollo\",\"id\":\"6b975e29-6414-11ef-a225-0a002700000d\",\"category\":\"Pizzas\",\"price\":9500,\"businessId\":\"c1c6ad80-e6a0-4c52-a63c-0554d7c066fe\"}]',22000,1.75,3960,3,'2025-01-07 13:30:00','2025-01-07 13:30:00','12a2d8af-71b2-45c6-b7b1-17295da5e566','c1c6ad80-e6a0-4c52-a63c-0554d7c066fe','47881bf7-71f6-4aa5-b0c6-52ed5469b0b1','CLP',NULL,'percentage',NULL),('1574c8110-2ad0-4cd7-adee-340f865a927','Factura 14','','paid','2025-01-08 10:15:00','V123463','[{\"name\":\"Sopa de Mariscos\",\"id\":\"7c975e29-6414-11ef-a225-0a002700000d\",\"category\":\"Sopas\",\"price\":8500,\"businessId\":\"c1c6ad80-e6a0-4c52-a63c-0554d7c066fe\"}]',12000,1.75,2160,10,'2025-01-08 10:15:00','2025-01-08 10:15:00','12a2d8af-71b2-45c6-b7b1-17295da5e566','c1c6ad80-e6a0-4c52-a63c-0554d7c066fe','47881bf7-71f6-4aa5-b0c6-52ed5469b0b1','CLP',NULL,'fixed',NULL),('1674c8110-2ad0-4cd7-adee-340f865a928','Factura 15','','paid','2025-01-08 11:00:00','V123464','[{\"name\":\"Ensalada César\",\"id\":\"8d975e29-6414-11ef-a225-0a002700000d\",\"category\":\"Ensaladas\",\"price\":7000,\"businessId\":\"c1c6ad80-e6a0-4c52-a63c-0554d7c066fe\"}]',15000,1.75,2700,5,'2025-01-08 11:00:00','2025-01-08 11:00:00','12a2d8af-71b2-45c6-b7b1-17295da5e566','c1c6ad80-e6a0-4c52-a63c-0554d7c066fe','47881bf7-71f6-4aa5-b0c6-52ed5469b0b1','CLP',NULL,'percentage',NULL),('1684ab68-f8b7-447f-8be7-544977a4753e','Facturassssssssssssss de ejemplo','Esta es la nota de la factura puede ser opcional','draft',NULL,NULL,'[{\"id\":\"123e4567-e89b-12d3-a456-426614174000\",\"name\":\"Product A\",\"price\":19.99,\"quantity\":5,\"discountType\":\"percentage\",\"discountValue\":10},{\"id\":\"223e4567-e89b-12d3-a456-426614174001\",\"name\":\"Product B\",\"price\":29.99,\"quantity\":5,\"discountType\":\"fixed\",\"discountValue\":5}]',100,5,10,115,'2025-01-02 18:13:49','2025-01-02 18:13:49','12a2d8af-71b2-45c6-b7b1-17295da5e566',NULL,NULL,'CLP',5,'fixed','08fe6d52-4efa-4d9b-b290-23358e8cc34b'),('17bfc705-7f3d-4220-ad7a-6c5c92937801','Facturassssssssssssss de ejemplo','Esta es la nota de la factura puede ser opcional','draft',NULL,NULL,'[{\"name\":\"Producto 1\",\"price\":50},{\"name\":\"Producto 2\",\"price\":30},{\"name\":\"Producto 3\",\"price\":20}]',100,5,10,115,'2024-12-31 18:44:47','2024-12-31 18:44:47','12a2d8af-71b2-45c6-b7b1-17295da5e566','c1c6ad80-e6a0-4c52-a63c-0554d7c066fe','1e56bbf2-04d6-4d0a-8a5c-e9334c50fef5','CLP',5,'fixed',NULL),('1ab1770f-e2b0-466e-8e12-5dea0114e8fd','Facturassssssssssssss de ejemplo','Esta es la nota de la factura puede ser opcional','draft',NULL,NULL,'[{\"id\":\"123e4567-e89b-12d3-a456-426614174000\",\"name\":\"Product A\",\"price\":19.99,\"discountType\":\"percentage\",\"discountValue\":10},{\"id\":\"223e4567-e89b-12d3-a456-426614174001\",\"name\":\"Product B\",\"price\":29.99,\"discountType\":\"fixed\",\"discountValue\":5}]',100,5,10,115,'2025-01-02 18:05:32','2025-01-02 18:05:32','12a2d8af-71b2-45c6-b7b1-17295da5e566',NULL,NULL,'CLP',5,'fixed','08fe6d52-4efa-4d9b-b290-23358e8cc34b'),('21bdc54d-717e-402a-aa8a-ac629a8bbdba','prueba test','desci','paid','2024-08-28 01:39:20','ST-1724809160072-59345','[{\"name\":\"Reloaded Nachos\",\"id\":\"4a969e1d-6414-11ef-a225-0a002700000d\",\"category\":\"Nachos\",\"offer\":null,\"type\":\"individual\",\"description\":\"Base de Nachos bañados en salsa de queso, carne, tomate pimentón, cebolla con guacamole y sour cream y mozarella.\",\"photos\":null,\"price\":12500,\"profilePicture\":\"https://encrypted-tbn1.gstatic.com/images?q=tbn:ANd9GcRz7Vp6xNwd_fapwc8Iy8tVKMMdqVBX1KcjkVEiZEv7uak7nzL1\",\"branchId\":null,\"businessId\":\"c1c6ad80-e6a0-4c52-a63c-0554d7c066fe\"},{\"name\":\"Salmón\",\"id\":\"4a975fe4-6414-11ef-a225-0a002700000d\",\"category\":\"Ensaladas\",\"offer\":null,\"type\":\"individual\",\"description\":\"Ensalada de salmón con mix de hojas verdes, palta, tomate cherry, almendras y semillas de zapallo, salsa de miel\",\"photos\":null,\"price\":9500,\"profilePicture\":\"https://www.laylita.com/recetas/wp-content/uploads/2015/04/Ensalada-de-salmC3B3n-y-aguacate.jpg\",\"branchId\":null,\"businessId\":\"c1c6ad80-e6a0-4c52-a63c-0554d7c066fe\"},{\"name\":\"La Divina Doble\",\"id\":\"4a976695-6414-11ef-a225-0a002700000d\",\"category\":\"Hamburguesas\",\"offer\":null,\"type\":\"individual\",\"description\":\"Del infierno al cielo en una mordida! Cebolla caramelizada, tocino, salsa de queso páprika, pimentón, choclo, queso cheddar\",\"photos\":null,\"price\":9900,\"profilePicture\":\"https://encrypted-tbn0.gstatic.com/images?q=tbn:ANd9GcSLV4riZzDg8ZtJH4E3Z5Qk7ClnX2IfOehHgg&s\",\"branchId\":null,\"businessId\":\"c1c6ad80-e6a0-4c52-a63c-0554d7c066fe\"}]',31900,1.75,6061,5555,'2024-08-28 01:39:01','2024-08-28 01:39:20','12a2d8af-71b2-45c6-b7b1-17295da5e566','c1c6ad80-e6a0-4c52-a63c-0554d7c066fe','47881bf7-71f6-4aa5-b0c6-52ed5469b0b1','CLP',NULL,'fixed','42895632-4f4e-4544-bcb4-abae9ca36c43'),('274c8110-2ad0-4cd7-adee-34058615a927','Factura 6','','paid','2024-12-26 10:12:00','V123459','[{\"name\":\"Hamburguesa Vegetariana\",\"id\":\"9e975e29-6414-11ef-a225-0a002700000d\",\"category\":\"Hamburguesas\",\"price\":8000,\"businessId\":\"c1c6ad80-e6a0-4c52-a63c-0554d7c066fe\"}]',13000,1.75,2340,15340,'2024-12-26 10:12:00','2024-12-26 10:12:00','12a2d8af-71b2-45c6-b7b1-17295da5e566','c1c6ad80-e6a0-4c52-a63c-0554d7c066fe',NULL,'CLP',NULL,'fixed',NULL),('274c8110-2ad0-4cd7-adee-340f321a9266','Factura 1','','paid','2025-01-01 16:33:39','V123450','[{\"name\":\"Palta Reina\",\"id\":\"4a975e28-6414-11ef-a225-0a002700000d\",\"category\":\"Ensaladas\",\"price\":7500,\"businessId\":\"c1c6ad80-e6a0-4c52-a63c-0554d7c066fe\"}]',16400,1.75,3116,19517.8,'2025-01-01 16:33:39','2025-01-01 16:33:39','12a2d8af-71b2-45c6-b7b1-17295da5e566','c1c6ad80-e6a0-4c52-a63c-0554d7c066fe',NULL,'CLP',NULL,'fixed',NULL),('274c8110-2ad0-4cd7-adee-340f4625a927','Factura 7','','draft',NULL,NULL,'[{\"name\":\"Sopa de Verduras\",\"id\":\"10f975e29-6414-11ef-a225-0a002700000d\",\"category\":\"Sopas\",\"price\":6800,\"businessId\":\"c1c6ad80-e6a0-4c52-a63c-0554d7c066fe\"}]',12500,1.75,2250,14750,'2024-12-27 16:33:39','2024-12-27 16:33:39','12a2d8af-71b2-45c6-b7b1-17295da5e566','c1c6ad80-e6a0-4c52-a63c-0554d7c066fe',NULL,'CLP',NULL,'fixed',NULL),('274c8110-2ad0-4cd7-adee-340f8135a927','Factura 8','','paid','2024-12-28 12:10:00','V123460','[{\"name\":\"Pizza Vegetariana\",\"id\":\"11g975e29-6414-11ef-a225-0a002700000d\",\"category\":\"Pizzas\",\"price\":9300,\"businessId\":\"c1c6ad80-e6a0-4c52-a63c-0554d7c066fe\"}]',18000,1.75,3240,21240,'2024-12-28 12:10:00','2024-12-28 12:10:00','12a2d8af-71b2-45c6-b7b1-17295da5e566','c1c6ad80-e6a0-4c52-a63c-0554d7c066fe','1e56bbf2-04d6-4d0a-8a5c-e9334c50fef5','CLP',NULL,'percentage',NULL),('274c8110-2ad0-4cd7-adee-340f8644a927','Factura 9','','draft',NULL,NULL,'[{\"name\":\"Palta Reina\",\"id\":\"4a975e28-6414-11ef-a225-0a002700000d\",\"category\":\"Ensaladas\",\"price\":7500,\"businessId\":\"c1c6ad80-e6a0-4c52-a63c-0554d7c066fe\"}]',16400,1.75,3116,19517.8,'2024-12-29 16:33:39','2024-12-29 16:33:39','12a2d8af-71b2-45c6-b7b1-17295da5e566','c1c6ad80-e6a0-4c52-a63c-0554d7c066fe',NULL,'CLP',NULL,'fixed',NULL),('274c8110-2ad0-4cd7-adee-340f86553927','Factura 10','','paid','2024-12-29 18:15:00','V123461','[{\"name\":\"Hamburguesa Clásica\",\"id\":\"5a9769de-6414-11ef-a225-0a002700000d\",\"category\":\"Hamburguesas\",\"price\":8900,\"businessId\":\"c1c6ad80-e6a0-4c52-a63c-0554d7c066fe\"}]',18000,1.75,3420,21240,'2024-12-29 18:15:00','2024-12-29 18:15:00','12a2d8af-71b2-45c6-b7b1-17295da5e566','c1c6ad80-e6a0-4c52-a63c-0554d7c066fe','1e56bbf2-04d6-4d0a-8a5c-e9334c50fef5','CLP',1000,'fixed',NULL),('274c8110-2ad0-4cd7-adee-340f865a9266','tttt','','draft',NULL,NULL,'[{\"name\":\"Palta Reina\",\"id\":\"4a975e28-6414-11ef-a225-0a002700000d\",\"category\":\"Ensaladas\",\"offer\":null,\"type\":\"individual\",\"description\":\"Base de lechuga con palta rellena de pollo picado con mayonesa\",\"photos\":null,\"price\":7500,\"profilePicture\":\"https://encrypted-tbn0.gstatic.com/images?q=tbn:ANd9GcRxtlT_cMTN7dxd5KG2dZ1MSuy_22bY2Wz_Xg&s\",\"branchId\":null,\"businessId\":\"c1c6ad80-e6a0-4c52-a63c-0554d7c066fe\"},{\"name\":\"Regla de 3 Simple\",\"id\":\"4a9769de-6414-11ef-a225-0a002700000d\",\"category\":\"Hamburguesas\",\"offer\":null,\"type\":\"individual\",\"description\":\"Las 3 reglas de una hamburguesa! queso y Champiñon salsa, con cebolla caramelizada, lechuga\",\"photos\":null,\"price\":8900,\"profilePicture\":\"https://encrypted-tbn0.gstatic.com/images?q=tbn:ANd9GcReDNRURmwGp9utAXEY8l_rGMokZji9gpCtTg&s\",\"branchId\":null,\"businessId\":\"c1c6ad80-e6a0-4c52-a63c-0554d7c066fe\"}]',16400,1.75,3116,19517.8,'2024-12-23 16:33:39','2024-12-23 16:33:39','12a2d8af-71b2-45c6-b7b1-17295da5e566','c1c6ad80-e6a0-4c52-a63c-0554d7c066fe',NULL,'CLP',NULL,'fixed',NULL),('274c8110-2ad0-4cd7-adee-340f8665a127','Factura 11','','paid','2024-12-30 09:45:00','V123462','[{\"name\":\"Pizza de Pollo\",\"id\":\"6b975e29-6414-11ef-a225-0a002700000d\",\"category\":\"Pizzas\",\"price\":9500,\"businessId\":\"c1c6ad80-e6a0-4c52-a63c-0554d7c066fe\"}]',22000,1.75,3960,25960,'2024-12-30 09:45:00','2024-12-30 09:45:00','12a2d8af-71b2-45c6-b7b1-17295da5e566','c1c6ad80-e6a0-4c52-a63c-0554d7c066fe','5a22c205-3f50-48ab-808c-be02dd4b56bc','CLP',NULL,'percentage',NULL),('274c8110-2ad0-4cd7-adee-340f8695da92','Factura 4','','draft',NULL,NULL,'[{\"name\":\"Sopa de Mariscos\",\"id\":\"7c975e29-6414-11ef-a225-0a002700000d\",\"category\":\"Sopas\",\"price\":8500,\"businessId\":\"c1c6ad80-e6a0-4c52-a63c-0554d7c066fe\"}]',12000,1.75,2160,14160,'2024-12-25 16:33:39','2024-12-25 16:33:39','12a2d8af-71b2-45c6-b7b1-17295da5e566','c1c6ad80-e6a0-4c52-a63c-0554d7c066fe','3f46313a-be60-4230-a405-1114687be903','CLP',NULL,'fixed',NULL),('274c8110-2ad0-4cd7-adee-340f86fda926','Factura 1','','draft',NULL,NULL,'[{\"name\":\"Palta Reina\",\"id\":\"4a975e28-6414-11ef-a225-0a002700000d\",\"category\":\"Ensaladas\",\"price\":7500,\"businessId\":\"c1c6ad80-e6a0-4c52-a63c-0554d7c066fe\"}]',16400,1.75,3116,7989900,'2024-12-23 16:33:39','2024-12-23 16:33:39','12a2d8af-71b2-45c6-b7b1-17295da5e566','c1c6ad80-e6a0-4c52-a63c-0554d7c066fe',NULL,'CLP',NULL,'fixed',NULL),('274c8110-2ad0-4cd7-adee-340f8ad5a926','Factura 3','','paid','2024-12-24 15:45:00','V123457','[{\"name\":\"Pizza de Pollo\",\"id\":\"6b975e29-6414-11ef-a225-0a002700000d\",\"category\":\"Pizzas\",\"price\":9500,\"businessId\":\"c1c6ad80-e6a0-4c52-a63c-0554d7c066fe\"}]',22000,1.75,3960,25960,'2024-12-24 15:45:00','2024-12-24 15:45:00','12a2d8af-71b2-45c6-b7b1-17295da5e566','c1c6ad80-e6a0-4c52-a63c-0554d7c066fe',NULL,'CLP',NULL,'percentage',NULL),('274c8110-2ad0-4cd7-adee-340f8f05a927','Factura 5','','paid','2024-12-25 17:33:39','V123458','[{\"name\":\"Ensalada César\",\"id\":\"8d975e29-6414-11ef-a225-0a002700000d\",\"category\":\"Ensaladas\",\"price\":7000,\"businessId\":\"c1c6ad80-e6a0-4c52-a63c-0554d7c066fe\"}]',15000,1.75,2700,23,'2024-12-25 17:33:39','2024-12-25 17:33:39','12a2d8af-71b2-45c6-b7b1-17295da5e566','c1c6ad80-e6a0-4c52-a63c-0554d7c066fe',NULL,'CLP',NULL,'percentage',NULL),('274c8110-2ad0-4cd7-adee-340f8qwea926','Factura 2','','paid','2024-12-24 14:15:00','V123456','[{\"name\":\"Hamburguesa Clásica\",\"id\":\"5a9769de-6414-11ef-a225-0a002700000d\",\"category\":\"Hamburguesas\",\"price\":8900,\"businessId\":\"c1c6ad80-e6a0-4c52-a63c-0554d7c066fe\"}]',18000,1.75,3420,21240,'2024-12-24 14:15:00','2024-12-24 14:15:00','12a2d8af-71b2-45c6-b7b1-17295da5e566','c1c6ad80-e6a0-4c52-a63c-0554d7c066fe',NULL,'CLP',1000,'fixed',NULL),('362df292-75ff-4ebe-889a-8699ef31a85d','Facturassssssssssssss de ejemplo','Esta es la nota de la factura puede ser opcional','draft',NULL,NULL,'[{\"name\":\"Producto 1\",\"price\":50},{\"name\":\"Producto 2\",\"price\":30},{\"name\":\"Producto 3\",\"price\":20}]',100,5,10,115,'2024-12-31 18:33:41','2024-12-31 18:33:41','12a2d8af-71b2-45c6-b7b1-17295da5e566','c1c6ad80-e6a0-4c52-a63c-0554d7c066fe',NULL,'CLP',NULL,'fixed',NULL),('374c8110-2ad0-4cd7-adee-340f865a9267','Factura 2','','paid','2025-01-02 14:15:00','V123451','[{\"name\":\"Hamburguesa Clásica\",\"id\":\"5a9769de-6414-11ef-a225-0a002700000d\",\"category\":\"Hamburguesas\",\"price\":8900,\"businessId\":\"c1c6ad80-e6a0-4c52-a63c-0554d7c066fe\"}]',18000,1.75,3420,21240,'2025-01-02 14:15:00','2025-01-02 14:15:00','12a2d8af-71b2-45c6-b7b1-17295da5e566','c1c6ad80-e6a0-4c52-a63c-0554d7c066fe',NULL,'CLP',1000,'fixed',NULL),('431445e9-29fe-404b-946b-1bdd2a486c8f','cch','gh','draft',NULL,NULL,'[{\"name\":\"Quesadilla de Vacuno\",\"id\":\"095db513-6415-11ef-a225-0a002700000d\",\"category\":\"Quesadillas\",\"offer\":null,\"type\":\"\",\"description\":\"Tortillas rellenas con carne de vacuno, cebolla, pimentón, queso.\",\"photos\":null,\"price\":11900,\"profilePicture\":\"https://encrypted-tbn0.gstatic.com/images?q=tbn:ANd9GcRf_ifM9qSBthlLPIthPc1ddVt7UNNnH16bQQ&s\",\"discountValue\":null,\"discountType\":\"fixed\",\"branchId\":null,\"businessId\":\"c1c6ad80-e6a0-4c52-a63c-0554d7c066fe\"}]',0,0,0,0,'2025-01-05 16:33:17','2025-01-05 16:33:17','12a2d8af-71b2-45c6-b7b1-17295da5e566',NULL,NULL,'CLP',NULL,'fixed','08fe6d52-4efa-4d9b-b290-23358e8cc34b'),('474c8110-2ad0-4cd7-adee-340f865a9268','Factura 3','','paid','2025-01-02 15:45:00','V123452','[{\"name\":\"Pizza de Pollo\",\"id\":\"6b975e29-6414-11ef-a225-0a002700000d\",\"category\":\"Pizzas\",\"price\":9500,\"businessId\":\"c1c6ad80-e6a0-4c52-a63c-0554d7c066fe\"}]',22000,1.75,3960,25960,'2025-01-02 15:45:00','2025-01-02 15:45:00','12a2d8af-71b2-45c6-b7b1-17295da5e566','c1c6ad80-e6a0-4c52-a63c-0554d7c066fe',NULL,'CLP',NULL,'percentage',NULL),('504f446e-543b-43d3-a625-7a4fcd0c5c3a','Facturassssssssssssss de ejemplo','Esta es la nota de la factura puede ser opcional','draft',NULL,NULL,'[{\"name\":\"Producto 1\",\"price\":50},{\"name\":\"Producto 2\",\"price\":30},{\"name\":\"Producto 3\",\"price\":20}]',100,5,10,115,'2025-01-02 18:00:16','2025-01-02 18:00:16','12a2d8af-71b2-45c6-b7b1-17295da5e566',NULL,NULL,'CLP',5,'fixed','08fe6d52-4efa-4d9b-b290-23358e8cc34b'),('55fba1fb-fe3d-45ae-ae37-99fdba055e57','djg','shd','draft',NULL,NULL,'[{\"name\":\"Spaguetti Boloñesa\",\"id\":\"2aff18c8-6414-11ef-a225-0a002700000d\",\"category\":\"Pasta\",\"offer\":null,\"type\":\"individual\",\"description\":\"Spaguetti bañado en salsa de tomate con carne molida y lluvia de queso y ciboulette\",\"photos\":null,\"price\":6500,\"profilePicture\":\"https://encrypted-tbn0.gstatic.com/images?q=tbn:ANd9GcQdG9CnqAd7v0DlAjwMQfi36yd-l5ja-afzNQ&s\",\"branchId\":null,\"businessId\":\"c1c6ad80-e6a0-4c52-a63c-0554d7c066fe\"}]',6500,1.75,1235,7736.75,'2024-09-21 16:55:12','2024-09-21 16:55:12','12a2d8af-71b2-45c6-b7b1-17295da5e566','c1c6ad80-e6a0-4c52-a63c-0554d7c066fe',NULL,'CLP',NULL,'fixed','42895632-4f4e-4544-bcb4-abae9ca36c43'),('574c8110-2ad0-4cd7-adee-340f865a9269','Factura 4','','paid','2025-01-03 16:33:39','V123453','[{\"name\":\"Sopa de Mariscos\",\"id\":\"7c975e29-6414-11ef-a225-0a002700000d\",\"category\":\"Sopas\",\"price\":8500,\"businessId\":\"c1c6ad80-e6a0-4c52-a63c-0554d7c066fe\"}]',12000,1.75,2160,14160,'2025-01-03 16:33:39','2025-01-03 16:33:39','12a2d8af-71b2-45c6-b7b1-17295da5e566','c1c6ad80-e6a0-4c52-a63c-0554d7c066fe',NULL,'CLP',NULL,'fixed',NULL),('5fede4d4-f271-486f-bfbd-3bad41a3594e','hhj','hhj','draft',NULL,NULL,'[{\"name\":\"Deluxeeeeeeeeeeee Burger Combo\",\"id\":\"2454550c-4803-4491-b0e0-ba0f80189bd1\",\"category\":\"Food\",\"offer\":null,\"type\":null,\"description\":\"A delicious combo meal with a juicy burger, fries, and a drink.\",\"photos\":\"https://example.com/burger.jpg, https://example.com/fries.jpg, https://example.com/drink.jpg\",\"price\":15.99,\"profilePicture\":\"https://example.com/burger_combo.jpg\",\"discountValue\":null,\"discountType\":\"fixed\",\"branchId\":null,\"businessId\":\"c1c6ad80-e6a0-4c52-a63c-0554d7c066fe\"}]',0,0,0,0,'2025-04-23 05:06:32','2025-04-23 05:07:47','12a2d8af-71b2-45c6-b7b1-17295da5e566',NULL,NULL,'CLP',NULL,'fixed','08fe6d52-4efa-4d9b-b290-23358e8cc34b'),('674c8110-2ad0-4cd7-adee-340f865a9270','Factura 5','','paid','2025-01-03 17:33:39','V123454','[{\"name\":\"Ensalada César\",\"id\":\"8d975e29-6414-11ef-a225-0a002700000d\",\"category\":\"Ensaladas\",\"price\":7000,\"businessId\":\"c1c6ad80-e6a0-4c52-a63c-0554d7c066fe\"}]',15000,1.75,2700,17700,'2025-01-03 17:33:39','2025-01-03 17:33:39','12a2d8af-71b2-45c6-b7b1-17295da5e566','c1c6ad80-e6a0-4c52-a63c-0554d7c066fe',NULL,'CLP',NULL,'percentage',NULL),('6d022123-1892-4a84-b84c-846f8dfbfe51','xvb','gn','draft',NULL,NULL,'[{\"name\":\"Tabla Tradicional\",\"id\":\"4a958015-6414-11ef-a225-0a002700000d\",\"category\":\"Tabla\",\"offer\":null,\"type\":\"individual\",\"description\":\"Base Papas fritas, cebolla caramelizada, Vacuno, cerdo, chorizo, 2 huevo con lluvia de ciboulette\",\"photos\":null,\"price\":18900,\"profilePicture\":\"https://encrypted-tbn2.gstatic.com/images?q=tbn:ANd9GcQMK193yzMAW81e6yrBhoivYhKQmIpmYqivvKzFHoomyQ5OVomy\",\"branchId\":null,\"businessId\":\"c1c6ad80-e6a0-4c52-a63c-0554d7c066fe\"}]',18900,1.75,3591,22492.8,'2024-09-21 17:08:32','2024-09-21 17:08:32','12a2d8af-71b2-45c6-b7b1-17295da5e566','c1c6ad80-e6a0-4c52-a63c-0554d7c066fe',NULL,'CLP',NULL,'fixed',NULL),('774c8110-2ad0-4cd7-adee-340f865a9271','Factura 6','','paid','2025-01-04 14:00:00','V123455','[{\"name\":\"Palta Reina\",\"id\":\"4a975e28-6414-11ef-a225-0a002700000d\",\"category\":\"Ensaladas\",\"price\":7500,\"businessId\":\"c1c6ad80-e6a0-4c52-a63c-0554d7c066fe\"}]',16400,1.75,3116,19517.8,'2025-01-04 14:00:00','2025-01-04 14:00:00','12a2d8af-71b2-45c6-b7b1-17295da5e566','c1c6ad80-e6a0-4c52-a63c-0554d7c066fe',NULL,'CLP',NULL,'fixed',NULL),('7d691e1a-38f9-4d2f-811e-7013c1e283ff','Facturassssssssssssss de ejemplo','Esta es la nota de la factura puede ser opcional','draft',NULL,NULL,'[{\"name\":\"Producto 1\",\"price\":50},{\"name\":\"Producto 2\",\"price\":30},{\"name\":\"Producto 3\",\"price\":20}]',100,5,10,115,'2024-12-31 18:43:50','2024-12-31 18:43:50','12a2d8af-71b2-45c6-b7b1-17295da5e566','c1c6ad80-e6a0-4c52-a63c-0554d7c066fe',NULL,'CLP',5,'fixed',NULL),('7e458bcd-1593-403f-affa-7ec7ae786c96','Facturassssssssssssss de ejemplo','Esta es la nota de la factura puede ser opcional','draft',NULL,NULL,'[{\"id\":\"123e4567-e89b-12d3-a456-426614174000\",\"name\":\"Product A\",\"price\":19.99,\"quantity\":5,\"discountType\":\"percentage\",\"discountValue\":10},{\"id\":\"223e4567-e89b-12d3-a456-426614174001\",\"name\":\"Product B\",\"price\":29.99,\"quantity\":5,\"discountType\":\"fixed\",\"discountValue\":5}]',229.905,11.4952,22.9905,264.39,'2025-01-02 18:35:34','2025-01-02 18:35:34','12a2d8af-71b2-45c6-b7b1-17295da5e566',NULL,NULL,'CLP',5,'fixed','08fe6d52-4efa-4d9b-b290-23358e8cc34b'),('8145c965-f80c-482f-9af6-e5b0e6fcc1a1','Facturassssssssssssss de ejemplo','Esta es la nota de la factura puede ser opcional','draft',NULL,NULL,'[{\"name\":\"Producto 1\",\"price\":50},{\"name\":\"Producto 2\",\"price\":30},{\"name\":\"Producto 3\",\"price\":20}]',100,5,10,115,'2024-12-31 18:45:27','2024-12-31 18:45:27','12a2d8af-71b2-45c6-b7b1-17295da5e566','c1c6ad80-e6a0-4c52-a63c-0554d7c066fe',NULL,'CLP',5,'fixed',NULL),('823565c0-2562-4c25-b97d-d84d3cec42ee','Facturassssssssssssss de ejemplo','Esta es la nota de la factura puede ser opcional','draft',NULL,NULL,'[{\"id\":\"123e4567-e89b-12d3-a456-426614174000\",\"name\":\"Product A\",\"price\":19.99,\"quantity\":5,\"discountType\":\"percentage\",\"discountValue\":10},{\"id\":\"223e4567-e89b-12d3-a456-426614174001\",\"name\":\"Product B\",\"price\":29.99,\"quantity\":5,\"discountType\":\"fixed\",\"discountValue\":5}]',229.905,11.4952,22.9905,264.39,'2025-01-02 18:27:22','2025-01-02 18:27:22','12a2d8af-71b2-45c6-b7b1-17295da5e566',NULL,NULL,'CLP',5,'fixed','08fe6d52-4efa-4d9b-b290-23358e8cc34b'),('82f5baaa-6dde-4b62-beb1-7ec1bf2a09f5','prueba','probando','draft',NULL,NULL,'[{\"name\":\"Deluxeeeeeeeeeeee Burger Combo\",\"id\":\"d6a463f3-cb0c-48a8-bf99-ede853cb3f1a\",\"category\":\"Food\",\"offer\":null,\"type\":null,\"description\":\"A delicious combo meal with a juicy burger, fries, and a drink.\",\"photos\":\"https://example.com/burger.jpg, https://example.com/fries.jpg, https://example.com/drink.jpg\",\"price\":15.99,\"profilePicture\":\"https://example.com/burger_combo.jpg\",\"discountValue\":null,\"discountType\":\"fixed\",\"branchId\":null,\"businessId\":\"c1c6ad80-e6a0-4c52-a63c-0554d7c066fe\"},{\"name\":\"updated aaaaaaaaaaaaaaaaaaaaaaaaaaaaaaaaaaaaaaaaassssssssssssssssssssssssss\",\"id\":\"b0eeff2d-e8db-423d-aef0-cd12adee2645\",\"category\":\"Food\",\"offer\":0,\"type\":\"combo\",\"description\":\"A delicious combo meal with a juicy burger, fries, and a drink.\",\"photos\":\"https://example.com/burger.jpg, https://example.com/fries.jpg, https://example.com/drink.jpg\",\"price\":15.99,\"profilePicture\":\"https://example.com/burger_combo.jpg\",\"discountValue\":10,\"discountType\":\"fixed\",\"branchId\":null,\"businessId\":\"c1c6ad80-e6a0-4c52-a63c-0554d7c066fe\"},{\"name\":\"Quesadilla de Vacuno\",\"id\":\"095db513-6415-11ef-a225-0a002700000d\",\"category\":\"Quesadillas\",\"offer\":null,\"type\":\"\",\"description\":\"Tortillas rellenas con carne de vacuno, cebolla, pimentón, queso.\",\"photos\":null,\"price\":11900,\"profilePicture\":\"https://encrypted-tbn0.gstatic.com/images?q=tbn:ANd9GcRf_ifM9qSBthlLPIthPc1ddVt7UNNnH16bQQ&s\",\"discountValue\":null,\"discountType\":\"fixed\",\"branchId\":null,\"businessId\":\"c1c6ad80-e6a0-4c52-a63c-0554d7c066fe\"},{\"name\":\"Spaguetti Boloñesa\",\"id\":\"2aff18c8-6414-11ef-a225-0a002700000d\",\"category\":\"Pasta\",\"offer\":null,\"type\":\"individual\",\"description\":\"Spaguetti bañado en salsa de tomate con carne molida y lluvia de queso y ciboulette\",\"photos\":null,\"price\":6500,\"profilePicture\":\"https://encrypted-tbn0.gstatic.com/images?q=tbn:ANd9GcQdG9CnqAd7v0DlAjwMQfi36yd-l5ja-afzNQ&s\",\"discountValue\":null,\"discountType\":\"fixed\",\"branchId\":null,\"businessId\":\"c1c6ad80-e6a0-4c52-a63c-0554d7c066fe\"}]',0,0,0,0,'2025-04-02 04:20:21','2025-04-02 04:20:21','12a2d8af-71b2-45c6-b7b1-17295da5e566',NULL,NULL,'CLP',NULL,'fixed','08fe6d52-4efa-4d9b-b290-23358e8cc34b'),('874c8110-2ad0-4cd7-adee-340f865a9272','Factura 7','','paid','2025-01-04 15:15:00','V123456','[{\"name\":\"Hamburguesa Clásica\",\"id\":\"5a9769de-6414-11ef-a225-0a002700000d\",\"category\":\"Hamburguesas\",\"price\":8900,\"businessId\":\"c1c6ad80-e6a0-4c52-a63c-0554d7c066fe\"}]',18000,1.75,3420,21240,'2025-01-04 15:15:00','2025-01-04 15:15:00','12a2d8af-71b2-45c6-b7b1-17295da5e566','c1c6ad80-e6a0-4c52-a63c-0554d7c066fe',NULL,'CLP',1000,'fixed',NULL),('89f2fd59-4252-4e1b-bb9b-825de93afa6c','Facturassssssssssssss de ejemplo','Esta es la nota de la factura puede ser opcional','draft',NULL,NULL,'[{\"name\":\"Producto 1\",\"price\":50},{\"name\":\"Producto 2\",\"price\":30},{\"name\":\"Producto 3\",\"price\":20}]',100,5,10,115,'2024-12-31 18:27:55','2024-12-31 18:27:55','12a2d8af-71b2-45c6-b7b1-17295da5e566','c1c6ad80-e6a0-4c52-a63c-0554d7c066fe',NULL,'CLP',NULL,'fixed',NULL),('91e13a53-aff4-4e2e-a755-6f0978143149','Facturassssssssssssss de ejemplo','Esta es la nota de la factura puede ser opcional','draft',NULL,NULL,'[{\"id\":\"123e4567-e89b-12d3-a456-426614174000\",\"name\":\"Product A\",\"price\":19.99,\"discountType\":\"percentage\",\"discountValue\":10},{\"id\":\"223e4567-e89b-12d3-a456-426614174001\",\"name\":\"Product B\"}]',100,5,10,115,'2025-01-02 18:06:28','2025-01-02 18:06:28','12a2d8af-71b2-45c6-b7b1-17295da5e566',NULL,NULL,'CLP',5,'fixed','08fe6d52-4efa-4d9b-b290-23358e8cc34b'),('974c8110-2ad0-4cd7-adee-340f865a9273','Factura 8','','paid','2025-01-05 12:00:00','V123457','[{\"name\":\"Pizza de Pollo\",\"id\":\"6b975e29-6414-11ef-a225-0a002700000d\",\"category\":\"Pizzas\",\"price\":9500,\"businessId\":\"c1c6ad80-e6a0-4c52-a63c-0554d7c066fe\"}]',22000,1.75,3960,25960,'2025-01-05 12:00:00','2025-01-05 12:00:00','12a2d8af-71b2-45c6-b7b1-17295da5e566','c1c6ad80-e6a0-4c52-a63c-0554d7c066fe',NULL,'CLP',NULL,'percentage',NULL),('a91ba01a-1c84-4c4c-b1c3-df04b2ded12e','Facturassssssssssssss de ejemplo','Esta es la nota de la factura puede ser opcional','draft',NULL,NULL,'[{\"name\":\"Producto 1\",\"price\":50},{\"name\":\"Producto 2\",\"price\":30},{\"name\":\"Producto 3\",\"price\":20}]',100,5,10,115,'2024-12-31 18:28:59','2024-12-31 18:28:59','12a2d8af-71b2-45c6-b7b1-17295da5e566','c1c6ad80-e6a0-4c52-a63c-0554d7c066fe',NULL,'CLP',NULL,'fixed',NULL),('ae8bb675-1619-48e3-96ec-0b90356b4ac0','facturita','holiwis','draft',NULL,NULL,'[{\"name\":\"Spaguetti Boloñesa\",\"id\":\"2aff18c8-6414-11ef-a225-0a002700000d\",\"category\":\"Pasta\",\"offer\":null,\"type\":\"individual\",\"description\":\"Spaguetti bañado en salsa de tomate con carne molida y lluvia de queso y ciboulette\",\"photos\":null,\"price\":6500,\"profilePicture\":\"https://encrypted-tbn0.gstatic.com/images?q=tbn:ANd9GcQdG9CnqAd7v0DlAjwMQfi36yd-l5ja-afzNQ&s\",\"discountValue\":null,\"discountType\":\"fixed\",\"branchId\":null,\"businessId\":\"c1c6ad80-e6a0-4c52-a63c-0554d7c066fe\"},{\"name\":\"Quesadilla Vegetal\",\"id\":\"095dc7ea-6415-11ef-a225-0a002700000d\",\"category\":\"Quesadillas\",\"offer\":null,\"type\":\"\",\"description\":\"Champiñón, pimentón, cebolla, alcachofa, choclo, cilantro y queso.\",\"photos\":null,\"price\":6900,\"profilePicture\":\"https://encrypted-tbn0.gstatic.com/images?q=tbn:ANd9GcTaUbnVf4ebeDZey7g4MOzoOH8a1_W4ozwBCA&s\",\"discountValue\":null,\"discountType\":\"fixed\",\"branchId\":null,\"businessId\":\"c1c6ad80-e6a0-4c52-a63c-0554d7c066fe\"},{\"name\":\"Quesadilla Camarón\",\"id\":\"095db94d-6415-11ef-a225-0a002700000d\",\"category\":\"Quesadillas\",\"offer\":null,\"type\":\"\",\"description\":\"Tortilla rellena de Camarón, cebolla, queso, pimentón.\",\"photos\":null,\"price\":8900,\"profilePicture\":\"https://www.vvsupremo.com/wp-content/uploads/2015/11/900X570_Shrimp-Quesadilla.jpg\",\"discountValue\":null,\"discountType\":\"fixed\",\"branchId\":null,\"businessId\":\"c1c6ad80-e6a0-4c52-a63c-0554d7c066fe\"}]',0,0,0,0,'2025-03-26 02:53:55','2025-04-02 04:00:37','12a2d8af-71b2-45c6-b7b1-17295da5e566',NULL,NULL,'CLP',NULL,'fixed','08fe6d52-4efa-4d9b-b290-23358e8cc34b'),('b28d1fa2-5d6d-4685-b3dd-1d544a83558d','Facturassssssssssssss de ejemplo','Esta es la nota de la factura puede ser opcional','draft',NULL,NULL,'[{\"id\":\"123e4567-e89b-12d3-a456-426614174000\",\"name\":\"Product A\",\"price\":19.99,\"quantity\":5,\"discountType\":\"percentage\",\"discountValue\":10},{\"id\":\"223e4567-e89b-12d3-a456-426614174001\",\"name\":\"Product B\",\"price\":29.99,\"quantity\":5,\"discountType\":\"fixed\",\"discountValue\":5}]',223.16,11.16,22.32,256.64,'2025-01-02 18:39:33','2025-01-02 18:39:33','12a2d8af-71b2-45c6-b7b1-17295da5e566',NULL,NULL,'CLP',5,'percentage','08fe6d52-4efa-4d9b-b290-23358e8cc34b'),('b34ff2a2-b281-4659-bd42-3b1fd7a32827','Facturassssssssssssss de ejemplo','Esta es la nota de la factura puede ser opcional','draft',NULL,NULL,'[{\"name\":\"Producto 1\",\"price\":50},{\"name\":\"Producto 2\",\"price\":30},{\"name\":\"Producto 3\",\"price\":20}]',100,5,10,115,'2024-12-31 18:34:06','2024-12-31 18:34:06','12a2d8af-71b2-45c6-b7b1-17295da5e566','c1c6ad80-e6a0-4c52-a63c-0554d7c066fe','3f46313a-be60-4230-a405-1114687be903','CLP',NULL,'fixed',NULL),('c23b6c55-efbf-459f-8f7d-35f7a1fb03b6','factura prueba','descripción ','paid','2024-08-28 01:38:40','ST-1724809120384-4034','[{\"name\":\"Tabla Mar y Tierra\",\"id\":\"4a969941-6414-11ef-a225-0a002700000d\",\"category\":\"Tabla\",\"offer\":null,\"type\":\"individual\",\"description\":\"Base de Papas fritas, cebolla caramelizada, Pollo, camarón, salmón, cebolla morada, mix de mariscos bañado en salsa champiñón, y lluvia de ciboulette\",\"photos\":null,\"price\":24500,\"profilePicture\":\"https://encrypted-tbn1.gstatic.com/images?q=tbn:ANd9GcT2SoRDnfz5shyFXwVBMArf0rwmQ1IIQi-4_Ie4gSbErg_pM7WZ\",\"branchId\":null,\"businessId\":\"c1c6ad80-e6a0-4c52-a63c-0554d7c066fe\"},{\"name\":\"Spaguetti Boloñesa\",\"id\":\"2aff18c8-6414-11ef-a225-0a002700000d\",\"category\":\"Pasta\",\"offer\":null,\"type\":\"individual\",\"description\":\"Spaguetti bañado en salsa de tomate con carne molida y lluvia de queso y ciboulette\",\"photos\":null,\"price\":6500,\"profilePicture\":\"https://encrypted-tbn0.gstatic.com/images?q=tbn:ANd9GcQdG9CnqAd7v0DlAjwMQfi36yd-l5ja-afzNQ&s\",\"branchId\":null,\"businessId\":\"c1c6ad80-e6a0-4c52-a63c-0554d7c066fe\"}]',31000,1.75,5890,36891.8,'2024-08-28 01:36:21','2024-08-28 01:38:40','12a2d8af-71b2-45c6-b7b1-17295da5e566','c1c6ad80-e6a0-4c52-a63c-0554d7c066fe','47881bf7-71f6-4aa5-b0c6-52ed5469b0b1','CLP',NULL,'fixed','42895632-4f4e-4544-bcb4-abae9ca36c43'),('c6653ff0-8b44-437f-9f26-aeb3c64d45b8','Facturassssssssssssss de ejemplo','Esta es la nota de la factura puede ser opcional','draft',NULL,NULL,'[{\"id\":\"123e4567-e89b-12d3-a456-426614174000\",\"name\":\"Product A\",\"price\":19.99,\"quantity\":5,\"discountType\":\"percentage\",\"discountValue\":10},{\"id\":\"223e4567-e89b-12d3-a456-426614174001\",\"name\":\"Product B\",\"price\":29.99,\"quantity\":5,\"discountType\":\"fixed\",\"discountValue\":5}]',229.905,11.4952,22.9905,264.39,'2025-01-02 18:34:17','2025-01-02 18:34:17','12a2d8af-71b2-45c6-b7b1-17295da5e566',NULL,NULL,'CLP',5,'fixed','08fe6d52-4efa-4d9b-b290-23358e8cc34b'),('c6d3a251-94b4-4de6-9058-6fb792e58be5','Updated Factura de ejemplo','Esta es la nota de la factura puede ser opcional','draft',NULL,NULL,'[{\"id\":\"123e4567-e89b-12d3-a456-426614174000\",\"name\":\"Product A\",\"price\":19.99,\"quantity\":5,\"discountType\":\"percentage\",\"discountValue\":10},{\"id\":\"223e4567-e89b-12d3-a456-426614174001\",\"name\":\"Product B\",\"price\":29.99,\"quantity\":5,\"discountType\":\"fixed\",\"discountValue\":5}]',117.45,5.87,11.75,135.07,'2024-08-28 01:45:14','2025-01-02 19:21:37','12a2d8af-71b2-45c6-b7b1-17295da5e566','c1c6ad80-e6a0-4c52-a63c-0554d7c066fe',NULL,'CLP',50,'percentage',NULL),('d678e8d8-333d-447a-b24c-dba7d557fe7e','Facturassssssssssssss de ejemplo','Esta es la nota de la factura puede ser opcional','draft',NULL,NULL,'[{\"id\":\"123e4567-e89b-12d3-a456-426614174000\",\"name\":\"Product A\",\"price\":19.99,\"quantity\":5,\"discountType\":\"percentage\",\"discountValue\":10},{\"id\":\"223e4567-e89b-12d3-a456-426614174001\",\"name\":\"Product B\",\"price\":29.99,\"quantity\":5,\"discountType\":\"fixed\",\"discountValue\":5}]',223.16,11.158,22.316,256.634,'2025-01-02 18:38:13','2025-01-02 18:38:13','12a2d8af-71b2-45c6-b7b1-17295da5e566',NULL,NULL,'CLP',5,'percentage','08fe6d52-4efa-4d9b-b290-23358e8cc34b'),('d78d2196-2059-4d1a-86de-e1fcda2da387','Factura D 1','','draft',NULL,NULL,'[{\"name\":\"Quesadilla Camarón\",\"id\":\"095db94d-6415-11ef-a225-0a002700000d\",\"category\":\"Quesadillas\",\"offer\":null,\"type\":\"\",\"description\":\"Tortilla rellena de Camarón, cebolla, queso, pimentón.\",\"photos\":null,\"price\":8900,\"profilePicture\":\"https://www.vvsupremo.com/wp-content/uploads/2015/11/900X570_Shrimp-Quesadilla.jpg\",\"discountValue\":null,\"discountType\":\"fixed\",\"branchId\":null,\"businessId\":\"c1c6ad80-e6a0-4c52-a63c-0554d7c066fe\"},{\"name\":\"Quesadilla de Vacuno\",\"id\":\"095db513-6415-11ef-a225-0a002700000d\",\"category\":\"Quesadillas\",\"offer\":null,\"type\":\"\",\"description\":\"Tortillas rellenas con carne de vacuno, cebolla, pimentón, queso.\",\"photos\":null,\"price\":11900,\"profilePicture\":\"https://encrypted-tbn0.gstatic.com/images?q=tbn:ANd9GcRf_ifM9qSBthlLPIthPc1ddVt7UNNnH16bQQ&s\",\"discountValue\":null,\"discountType\":\"fixed\",\"branchId\":null,\"businessId\":\"c1c6ad80-e6a0-4c52-a63c-0554d7c066fe\"},{\"name\":\"Quesadillas The Chicken\",\"id\":\"095d28db-6415-11ef-a225-0a002700000d\",\"category\":\"Quesadillas\",\"offer\":null,\"type\":\"\",\"description\":\"Tortillas con pollo salteado, pimentón, champiñones, queso y cebolla morada.\",\"photos\":null,\"price\":9900,\"profilePicture\":\"https://hellofrozenbananas.com/wp-content/uploads/2023/07/air-fryer-chicken-quesadilla.jpg\",\"discountValue\":null,\"discountType\":\"fixed\",\"branchId\":null,\"businessId\":\"c1c6ad80-e6a0-4c52-a63c-0554d7c066fe\"}]',0,0,0,0,'2025-01-11 18:18:27','2025-01-11 18:18:27','12a2d8af-71b2-45c6-b7b1-17295da5e566',NULL,NULL,'CLP',NULL,'fixed','08fe6d52-4efa-4d9b-b290-23358e8cc34b'),('d961c22e-1ad2-40ff-ac86-8538a8ebba63','Facturassssssssssssss de ejemplo','Esta es la nota de la factura puede ser opcional','draft',NULL,NULL,'[{\"id\":\"123e4567-e89b-12d3-a456-426614174000\",\"name\":\"Product A\",\"price\":19.99,\"discountType\":\"percentage\",\"discountValue\":10},{\"id\":\"223e4567-e89b-12d3-a456-426614174001\",\"name\":\"Product B\",\"price\":29.99,\"discountValue\":5}]',100,5,10,115,'2025-01-02 18:06:13','2025-01-02 18:06:13','12a2d8af-71b2-45c6-b7b1-17295da5e566',NULL,NULL,'CLP',5,'fixed','08fe6d52-4efa-4d9b-b290-23358e8cc34b'),('e5ca1f89-6827-40af-9e69-b6940edcfe6d','Facturassssssssssssss de ejemplo','Esta es la nota de la factura puede ser opcional','draft',NULL,NULL,'[{\"id\":\"123e4567-e89b-12d3-a456-426614174000\",\"name\":\"Product A\",\"price\":19.99,\"quantity\":5,\"discountType\":\"percentage\",\"discountValue\":10},{\"id\":\"223e4567-e89b-12d3-a456-426614174001\",\"name\":\"Product B\",\"price\":29.99,\"quantity\":5,\"discountType\":\"fixed\",\"discountValue\":5}]',223.16,11.16,22.32,256.64,'2025-01-02 18:39:24','2025-01-02 18:39:24','12a2d8af-71b2-45c6-b7b1-17295da5e566',NULL,NULL,'CLP',5,'percentage','08fe6d52-4efa-4d9b-b290-23358e8cc34b'),('f60e84b8-8acc-4634-8467-9add02a13504','Facturassssssssssssss de ejemplo','Esta es la nota de la factura puede ser opcional','draft',NULL,NULL,'[{\"id\":\"123e4567-e89b-12d3-a456-426614174000\",\"name\":\"Product A\",\"price\":19.99,\"quantity\":5,\"discountType\":\"percentage\",\"discountValue\":10},{\"id\":\"223e4567-e89b-12d3-a456-426614174001\",\"name\":\"Product B\",\"price\":29.99,\"quantity\":5,\"discountType\":\"fixed\",\"discountValue\":5}]',229.905,11.4952,22.9905,264.39,'2025-01-02 18:34:20','2025-01-02 18:34:20','12a2d8af-71b2-45c6-b7b1-17295da5e566',NULL,NULL,'CLP',5,'fixed','08fe6d52-4efa-4d9b-b290-23358e8cc34b'),(63,'ff1230b8-547b-46fb-9e12-3baa3e418159','hendi','us','draft',NULL,NULL,'[{\"name\":\"Tabla Tradicional\",\"id\":\"4a958015-6414-11ef-a225-0a002700000d\",\"category\":\"Tabla\",\"offer\":null,\"type\":\"individual\",\"description\":\"Base Papas fritas, cebolla caramelizada, Vacuno, cerdo, chorizo, 2 huevo con lluvia de ciboulette\",\"photos\":null,\"price\":18900,\"profilePicture\":\"https://encrypted-tbn2.gstatic.com/images?q=tbn:ANd9GcQMK193yzMAW81e6yrBhoivYhKQmIpmYqivvKzFHoomyQ5OVomy\",\"branchId\":null,\"businessId\":\"c1c6ad80-e6a0-4c52-a63c-0554d7c066fe\"}]',18900,1.75,3591,22492.8,'2024-09-21 17:17:38','2024-09-21 17:17:38','12a2d8af-71b2-45c6-b7b1-17295da5e566','c1c6ad80-e6a0-4c52-a63c-0554d7c066fe',NULL,'CLP',NULL,'fixed',NULL);
/*!40000 ALTER TABLE `invoices` ENABLE KEYS */;
UNLOCK TABLES;

--
-- Dumping data for table `opinion_or_suggestions`
--

LOCK TABLES `opinion_or_suggestions` WRITE;
/*!40000 ALTER TABLE `opinion_or_suggestions` DISABLE KEYS */;
INSERT INTO `opinion_or_suggestions` (`id`, `detail`, `docs`, `userType`, `createdAt`, `updatedAt`) VALUES ('5e489eba-42a9-4761-b093-f9f363fd5042','asdasdad',NULL,'business','2025-04-02 03:52:42','2025-04-02 03:52:42');
/*!40000 ALTER TABLE `opinion_or_suggestions` ENABLE KEYS */;
UNLOCK TABLES;

--
-- Dumping data for table `products`
--

LOCK TABLES `products` WRITE;
/*!40000 ALTER TABLE `products` DISABLE KEYS */;
INSERT INTO `products` (`id`, `name`, `category`, `offer`, `type`, `description`, `photos`, `price`, `profilePicture`, `createdAt`, `updatedAt`, `branchId`, `businessId`, `discountValue`, `discountType`) VALUES ('095d28db-6415-11ef-a225-0a002700000d','Quesadillas The Chicken','Quesadillas',NULL,'','Tortillas con pollo salteado, pimentón, champiñones, queso y cebolla morada.',NULL,9900,'https://hellofrozenbananas.com/wp-content/uploads/2023/07/air-fryer-chicken-quesadilla.jpg','0000-00-00 00:00:00','0000-00-00 00:00:00',NULL,'c1c6ad80-e6a0-4c52-a63c-0554d7c066fe',NULL,'fixed'),('095db513-6415-11ef-a225-0a002700000d','Quesadilla de Vacuno','Quesadillas',NULL,'','Tortillas rellenas con carne de vacuno, cebolla, pimentón, queso.',NULL,11900,'https://encrypted-tbn0.gstatic.com/images?q=tbn:ANd9GcRf_ifM9qSBthlLPIthPc1ddVt7UNNnH16bQQ&s','0000-00-00 00:00:00','0000-00-00 00:00:00',NULL,'c1c6ad80-e6a0-4c52-a63c-0554d7c066fe',NULL,'fixed'),('095db94d-6415-11ef-a225-0a002700000d','Quesadilla Camarón','Quesadillas',NULL,'','Tortilla rellena de Camarón, cebolla, queso, pimentón.',NULL,8900,'https://www.vvsupremo.com/wp-content/uploads/2015/11/900X570_Shrimp-Quesadilla.jpg','0000-00-00 00:00:00','0000-00-00 00:00:00',NULL,'c1c6ad80-e6a0-4c52-a63c-0554d7c066fe',NULL,'fixed'),('095dc7ea-6415-11ef-a225-0a002700000d','Quesadilla Vegetal','Quesadillas',NULL,'','Champiñón, pimentón, cebolla, alcachofa, choclo, cilantro y queso.',NULL,6900,'https://encrypted-tbn0.gstatic.com/images?q=tbn:ANd9GcTaUbnVf4ebeDZey7g4MOzoOH8a1_W4ozwBCA&s','0000-00-00 00:00:00','0000-00-00 00:00:00',NULL,'c1c6ad80-e6a0-4c52-a63c-0554d7c066fe',NULL,'fixed'),('190c7767-6f67-44ec-8b94-74f6a07aab06','Deluxeeeeeeeeeeee Burger Combo','Food',NULL,NULL,'A delicious combo meal with a juicy burger, fries, and a drink.','https://example.com/burger.jpg, https://example.com/fries.jpg, https://example.com/drink.jpg',15.99,'https://example.com/burger_combo.jpg','2025-01-01 17:32:34','2025-01-01 17:32:34',NULL,NULL,NULL,'fixed'),('2454550c-4803-4491-b0e0-ba0f80189bd1','Deluxeeeeeeeeeeee Burger Combo','Food',NULL,NULL,'A delicious combo meal with a juicy burger, fries, and a drink.','https://example.com/burger.jpg, https://example.com/fries.jpg, https://example.com/drink.jpg',15.99,'https://example.com/burger_combo.jpg','2025-01-01 02:29:36','2025-01-01 02:29:36',NULL,'c1c6ad80-e6a0-4c52-a63c-0554d7c066fe',NULL,'fixed'),('2aff18c8-6414-11ef-a225-0a002700000d','Spaguetti Boloñesa','Pasta',NULL,'individual','Spaguetti bañado en salsa de tomate con carne molida y lluvia de queso y ciboulette',NULL,6500,'https://encrypted-tbn0.gstatic.com/images?q=tbn:ANd9GcQdG9CnqAd7v0DlAjwMQfi36yd-l5ja-afzNQ&s','0000-00-00 00:00:00','0000-00-00 00:00:00',NULL,'c1c6ad80-e6a0-4c52-a63c-0554d7c066fe',NULL,'fixed'),('2f1d1b74-2dce-40d2-a9cd-def4d7a9c290','Deluxeeeeeeeeeeee Burger Combo','Food',0,'combo','A delicious combo meal with a juicy burger, fries, and a drink.','https://example.com/burger.jpg, https://example.com/fries.jpg, https://example.com/drink.jpg',15.99,'https://example.com/burger_combo.jpg','2025-01-01 02:20:06','2025-01-01 02:20:06',NULL,'c1c6ad80-e6a0-4c52-a63c-0554d7c066fe',NULL,'fixed'),('4a958015-6414-11ef-a225-0a002700000d','Tabla Tradicional','Tabla',NULL,'individual','Base Papas fritas, cebolla caramelizada, Vacuno, cerdo, chorizo, 2 huevo con lluvia de ciboulette',NULL,18900,'https://encrypted-tbn2.gstatic.com/images?q=tbn:ANd9GcQMK193yzMAW81e6yrBhoivYhKQmIpmYqivvKzFHoomyQ5OVomy','0000-00-00 00:00:00','0000-00-00 00:00:00',NULL,'c1c6ad80-e6a0-4c52-a63c-0554d7c066fe',NULL,'fixed'),('4a9696af-6414-11ef-a225-0a002700000d','Tabla Gran Refugio','Tabla',NULL,'individual','Base de Papas fritas, cebolla caramelizada, Vacuno, cerdo, pollo, chorizo, bañado en salsa de champiñón con toques de ciboulette',NULL,23900,'https://encrypted-tbn3.gstatic.com/images?q=tbn:ANd9GcSr9oyOyJwpNG4J30HI5JGElXi56xKVJi5ZMGXFnSI6lzl61Xh7','0000-00-00 00:00:00','0000-00-00 00:00:00',NULL,'c1c6ad80-e6a0-4c52-a63c-0554d7c066fe',NULL,'fixed'),('4a969941-6414-11ef-a225-0a002700000d','Tabla Mar y Tierra','Tabla',NULL,'individual','Base de Papas fritas, cebolla caramelizada, Pollo, camarón, salmón, cebolla morada, mix de mariscos bañado en salsa champiñón, y lluvia de ciboulette',NULL,24500,'https://encrypted-tbn1.gstatic.com/images?q=tbn:ANd9GcT2SoRDnfz5shyFXwVBMArf0rwmQ1IIQi-4_Ie4gSbErg_pM7WZ','0000-00-00 00:00:00','0000-00-00 00:00:00',NULL,'c1c6ad80-e6a0-4c52-a63c-0554d7c066fe',NULL,'fixed'),('4a969d34-6414-11ef-a225-0a002700000d','Tabla Apocalipsis','Tabla',NULL,'individual','Hambre de zombi? Base de doble de papas fritas, Extra Pollo, Extra carne, Extra Cerdo, Extra Extra de todo.... te la puedes?',NULL,33500,'https://encrypted-tbn1.gstatic.com/images?q=tbn:ANd9GcR8yGkXuebnHop5R93ajCmbZPdiGawUbral7NNf7iivG5bVDZ1w','0000-00-00 00:00:00','0000-00-00 00:00:00',NULL,'c1c6ad80-e6a0-4c52-a63c-0554d7c066fe',NULL,'fixed'),('4a969e1d-6414-11ef-a225-0a002700000d','Reloaded Nachos','Nachos',NULL,'individual','Base de Nachos bañados en salsa de queso, carne, tomate pimentón, cebolla con guacamole y sour cream y mozarella.',NULL,12500,'https://encrypted-tbn1.gstatic.com/images?q=tbn:ANd9GcRz7Vp6xNwd_fapwc8Iy8tVKMMdqVBX1KcjkVEiZEv7uak7nzL1','0000-00-00 00:00:00','0000-00-00 00:00:00',NULL,'c1c6ad80-e6a0-4c52-a63c-0554d7c066fe',NULL,'fixed'),('4a975e28-6414-11ef-a225-0a002700000d','Palta Reina','Ensaladas',NULL,'individual','Base de lechuga con palta rellena de pollo picado con mayonesa',NULL,7500,'https://encrypted-tbn0.gstatic.com/images?q=tbn:ANd9GcRxtlT_cMTN7dxd5KG2dZ1MSuy_22bY2Wz_Xg&s','0000-00-00 00:00:00','0000-00-00 00:00:00',NULL,'c1c6ad80-e6a0-4c52-a63c-0554d7c066fe',NULL,'fixed'),('4a975ef4-6414-11ef-a225-0a002700000d','Ensalada del César','Ensaladas',NULL,'individual','Base de lechugas, cuadritos de pollo salteado, tomate, crutones, huevos de codorniz, lluvia de queso, salsa sour cream',NULL,8900,'https://cuk-it.com/wp-content/uploads/2022/02/ensalada-caesar-pasta.webp','0000-00-00 00:00:00','0000-00-00 00:00:00',NULL,'c1c6ad80-e6a0-4c52-a63c-0554d7c066fe',NULL,'fixed'),('4a975fe4-6414-11ef-a225-0a002700000d','Salmón','Ensaladas',NULL,'individual','Ensalada de salmón con mix de hojas verdes, palta, tomate cherry, almendras y semillas de zapallo, salsa de miel',NULL,9500,'https://www.laylita.com/recetas/wp-content/uploads/2015/04/Ensalada-de-salmC3B3n-y-aguacate.jpg','0000-00-00 00:00:00','0000-00-00 00:00:00',NULL,'c1c6ad80-e6a0-4c52-a63c-0554d7c066fe',NULL,'fixed'),('4a976279-6414-11ef-a225-0a002700000d','Viñadlmue Simple','Hamburguesas',NULL,'individual','La que todos quieren! Queso Brie, salsa de queso cheddar cebolla caramelizada, pimientos saltados y un poco de ají',NULL,8900,'https://encrypted-tbn0.gstatic.com/images?q=tbn:ANd9GcQ316fVogZs_JDhi-Fv2JKeqaUigelKOs2EsQ&s','0000-00-00 00:00:00','0000-00-00 00:00:00',NULL,'c1c6ad80-e6a0-4c52-a63c-0554d7c066fe',NULL,'fixed'),('4a976405-6414-11ef-a225-0a002700000d','La Open Mic Simple','Hamburguesas',NULL,'individual','Si quieres probar, esta es tu burger! salsa de queso cheddar, champiñón saltado doble jamón, queso gouda',NULL,8900,'https://encrypted-tbn0.gstatic.com/images?q=tbn:ANd9GcQS_6O7VgmeqGx88zDw4BXJ_hrs-Nye1wu2dA&s','0000-00-00 00:00:00','0000-00-00 00:00:00',NULL,'c1c6ad80-e6a0-4c52-a63c-0554d7c066fe',NULL,'fixed'),('4a9764cc-6414-11ef-a225-0a002700000d','La Open Mic Doble','Hamburguesas',NULL,'individual','Si quieres probar, esta es tu burger! salsa de queso cheddar, champiñón saltado doble jamón, queso gouda',NULL,9900,'https://encrypted-tbn0.gstatic.com/images?q=tbn:ANd9GcQS_6O7VgmeqGx88zDw4BXJ_hrs-Nye1wu2dA&s','0000-00-00 00:00:00','0000-00-00 00:00:00',NULL,'c1c6ad80-e6a0-4c52-a63c-0554d7c066fe',NULL,'fixed'),('4a976596-6414-11ef-a225-0a002700000d','La Divina Simple','Hamburguesas',NULL,'individual','Del infierno al cielo en una mordida! Cebolla caramelizada, tocino, salsa de queso páprika, pimentón, choclo, queso cheddar',NULL,8900,'https://encrypted-tbn0.gstatic.com/images?q=tbn:ANd9GcSLV4riZzDg8ZtJH4E3Z5Qk7ClnX2IfOehHgg&s','0000-00-00 00:00:00','0000-00-00 00:00:00',NULL,'c1c6ad80-e6a0-4c52-a63c-0554d7c066fe',NULL,'fixed'),('4a976695-6414-11ef-a225-0a002700000d','La Divina Doble','Hamburguesas',NULL,'individual','Del infierno al cielo en una mordida! Cebolla caramelizada, tocino, salsa de queso páprika, pimentón, choclo, queso cheddar',NULL,9900,'https://encrypted-tbn0.gstatic.com/images?q=tbn:ANd9GcSLV4riZzDg8ZtJH4E3Z5Qk7ClnX2IfOehHgg&s','0000-00-00 00:00:00','0000-00-00 00:00:00',NULL,'c1c6ad80-e6a0-4c52-a63c-0554d7c066fe',NULL,'fixed'),('4a976859-6414-11ef-a225-0a002700000d','Uan Lainer Simple','Hamburguesas',NULL,'individual','Así empezamos, una burger gourmet! Cebolla, tomate, cheddar, tocino piminetos, mayonesa',NULL,8900,'https://encrypted-tbn0.gstatic.com/images?q=tbn:ANd9GcQ316fVogZs_JDhi-Fv2JKeqaUigelKOs2EsQ&s','0000-00-00 00:00:00','0000-00-00 00:00:00',NULL,'c1c6ad80-e6a0-4c52-a63c-0554d7c066fe',NULL,'fixed'),('4a9769de-6414-11ef-a225-0a002700000d','Regla de 3 Simple','Hamburguesas',NULL,'individual','Las 3 reglas de una hamburguesa! queso y Champiñon salsa, con cebolla caramelizada, lechuga',NULL,8900,'https://encrypted-tbn0.gstatic.com/images?q=tbn:ANd9GcReDNRURmwGp9utAXEY8l_rGMokZji9gpCtTg&s','0000-00-00 00:00:00','0000-00-00 00:00:00',NULL,'c1c6ad80-e6a0-4c52-a63c-0554d7c066fe',NULL,'fixed'),('4a976aa5-6414-11ef-a225-0a002700000d','Regla de 3 Doble','Hamburguesas',NULL,'individual','Las 3 reglas de una hamburguesa! queso y Champiñon salsa, con cebolla caramelizada, lechuga',NULL,9900,'https://encrypted-tbn0.gstatic.com/images?q=tbn:ANd9GcReDNRURmwGp9utAXEY8l_rGMokZji9gpCtTg&s','0000-00-00 00:00:00','0000-00-00 00:00:00',NULL,'c1c6ad80-e6a0-4c52-a63c-0554d7c066fe',NULL,'fixed'),('4a976b62-6414-11ef-a225-0a002700000d','El Remate Simple','Hamburguesas',NULL,'individual','Con esta te rematas... Cebolla caramelizada con BBQ, queso gouda lechuga, tocino, mayonesa',NULL,8900,'https://encrypted-tbn0.gstatic.com/images?q=tbn:ANd9GcQGb9iKgKPjBjdTu5f4OukQGgSCCpxlSREBUw&s','0000-00-00 00:00:00','0000-00-00 00:00:00',NULL,'c1c6ad80-e6a0-4c52-a63c-0554d7c066fe',NULL,'fixed'),('4a976c2f-6414-11ef-a225-0a002700000d','El Remate Doble','Hamburguesas',NULL,'individual','Con esta te rematas... Cebolla caramelizada con BBQ, queso gouda lechuga, tocino, mayonesa',NULL,9900,'https://encrypted-tbn0.gstatic.com/images?q=tbn:ANd9GcQGb9iKgKPjBjdTu5f4OukQGgSCCpxlSREBUw&s','0000-00-00 00:00:00','0000-00-00 00:00:00',NULL,'c1c6ad80-e6a0-4c52-a63c-0554d7c066fe',NULL,'fixed'),('4a976cfc-6414-11ef-a225-0a002700000d','15 Minutos Simple','Hamburguesas',NULL,'individual','Solo para valientes! Salsa ají jalapeño, queso gouda y cheddar lechuga, cebolla, tomate',NULL,8900,'https://encrypted-tbn0.gstatic.com/images?q=tbn:ANd9GcQFr2q-am4DDuPlvoYC0b1kLRrvqrovM6gQpA&s','0000-00-00 00:00:00','0000-00-00 00:00:00',NULL,'c1c6ad80-e6a0-4c52-a63c-0554d7c066fe',NULL,'fixed'),('4a976dfe-6414-11ef-a225-0a002700000d','15 Minutos Doble','Hamburguesas',NULL,'individual','Solo para valientes! Salsa ají jalapeño, queso gouda y cheddar lechuga, cebolla, tomate',NULL,9900,'https://encrypted-tbn0.gstatic.com/images?q=tbn:ANd9GcQFr2q-am4DDuPlvoYC0b1kLRrvqrovM6gQpA&s','0000-00-00 00:00:00','0000-00-00 00:00:00',NULL,'c1c6ad80-e6a0-4c52-a63c-0554d7c066fe',NULL,'fixed'),('4a976ec0-6414-11ef-a225-0a002700000d','Cangre Burguer Simple','Hamburguesas',NULL,'individual','Solo una Cangreburger! Pan, vacuno con camarón, lechuga, mostaza pimineta, queso, sal de mar casera',NULL,8900,'https://cdn5.dibujos.net/dibujos/pintados/201127/73bfb9ff8a41ba827a0419354a3ca067.png','0000-00-00 00:00:00','0000-00-00 00:00:00',NULL,'c1c6ad80-e6a0-4c52-a63c-0554d7c066fe',NULL,'fixed'),('4a97704d-6414-11ef-a225-0a002700000d','Krusty Burguer Simple','Hamburguesas',NULL,'individual','Dooh! Carne de vacuno, queso cheddar fundido, tomate y bacon frito',NULL,8900,'https://blogger.googleusercontent.com/img/b/R29vZ2xl/AVvXsEj0EvnIdKgR1Ai6S_t9Qa4Pla7NAp39vCr0ATVUeWPUAkh13buGDeTGo1niNdG_KMbm15huRNmjHdZ6jM6-80jzuCiM1QS1FigQuiIRMLLTqg_e9FQeDJUieNN4GJd0FLjpP-nkJHx5Pw/w1200-h630-p-k-no-nu/big+kahuna+con+SLJ.jpg','0000-00-00 00:00:00','0000-00-00 00:00:00',NULL,'c1c6ad80-e6a0-4c52-a63c-0554d7c066fe',NULL,'fixed'),('4a9776a4-6414-11ef-a225-0a002700000d','Gran Chacarero','Sándwiches Clásicos',NULL,'individual','200 gr carne, tomate, porotos verdes al vapor (opcional Mayonesa)',NULL,9500,'https://encrypted-tbn0.gstatic.com/images?q=tbn:ANd9GcS5QniWnVPn-UVlUivmkm4iy3cSxom883Dy3w&s','0000-00-00 00:00:00','0000-00-00 00:00:00',NULL,'c1c6ad80-e6a0-4c52-a63c-0554d7c066fe',NULL,'fixed'),('4a977763-6414-11ef-a225-0a002700000d','Gran Churrasco','Sándwiches Clásicos',NULL,'individual','200gr de carne con tomate, palta y mayonesa',NULL,9200,'https://encrypted-tbn0.gstatic.com/images?q=tbn:ANd9GcRC5UMrmW8uen6Q9BDZ5yOg9JMcqb4wdEG8bg&s','0000-00-00 00:00:00','0000-00-00 00:00:00',NULL,'c1c6ad80-e6a0-4c52-a63c-0554d7c066fe',NULL,'fixed'),('4a97781c-6414-11ef-a225-0a002700000d','Gran Barros Luco','Sándwiches Clásicos',NULL,'individual','200gr de carne con queso fundido',NULL,7500,'https://encrypted-tbn0.gstatic.com/images?q=tbn:ANd9GcRd5ZVyaY9t96Kdt-0SVueEeetpaIR1Eex7Og&s','0000-00-00 00:00:00','0000-00-00 00:00:00',NULL,'c1c6ad80-e6a0-4c52-a63c-0554d7c066fe',NULL,'fixed'),('819b402d-fef4-4941-9352-ca29c7eeb979','Deluxeeeeeeeeeeee Burger Combo','Food',NULL,NULL,'A delicious combo meal with a juicy burger, fries, and a drink.','https://example.com/burger.jpg, https://example.com/fries.jpg, https://example.com/drink.jpg',15.99,'https://example.com/burger_combo.jpg','2025-01-01 17:35:01','2025-01-01 17:35:01',NULL,'c1c6ad80-e6a0-4c52-a63c-0554d7c066fe',NULL,'fixed'),('a9caae25-17ad-4d04-96d0-67a2d344d786','Deluxeeeeeeeeeeee Burger Combo','Food',NULL,NULL,'A delicious combo meal with a juicy burger, fries, and a drink.','https://example.com/burger.jpg, https://example.com/fries.jpg, https://example.com/drink.jpg',15.99,'https://example.com/burger_combo.jpg','2025-01-01 17:34:59','2025-01-01 17:34:59',NULL,'c1c6ad80-e6a0-4c52-a63c-0554d7c066fe',NULL,'fixed'),('b0eeff2d-e8db-423d-aef0-cd12adee2645','updated aaaaaaaaaaaaaaaaaaaaaaaaaaaaaaaaaaaaaaaaassssssssssssssssssssssssss','Food',0,'combo','A delicious combo meal with a juicy burger, fries, and a drink.','https://example.com/burger.jpg, https://example.com/fries.jpg, https://example.com/drink.jpg',15.99,'https://example.com/burger_combo.jpg','2025-01-01 18:35:11','2025-01-02 17:51:12',NULL,'c1c6ad80-e6a0-4c52-a63c-0554d7c066fe',10,'fixed'),('bf3908ad-8961-4623-882d-e2337af9c926','Deluxeeeeeeeeeeee Burger Combo','Food',NULL,NULL,'A delicious combo meal with a juicy burger, fries, and a drink.','https://example.com/burger.jpg, https://example.com/fries.jpg, https://example.com/drink.jpg',15.99,'https://example.com/burger_combo.jpg','2025-01-01 16:00:49','2025-01-01 16:00:49',NULL,'c1c6ad80-e6a0-4c52-a63c-0554d7c066fe',NULL,'fixed'),('c6c67355-4fbf-4a36-bf69-f75102ef1ab1','Deluxeeeeeeeeeeee Burger Combo','Food',NULL,NULL,'A delicious combo meal with a juicy burger, fries, and a drink.','https://example.com/burger.jpg, https://example.com/fries.jpg, https://example.com/drink.jpg',15.99,'https://example.com/burger_combo.jpg','2025-01-01 17:33:39','2025-01-01 17:33:39',NULL,NULL,NULL,'fixed'),('c6e02482-ab12-49e2-a0c4-d35188cb32f4','Deluxeeeeeeeeeeee Burger Combo','Food',0,'combo','A delicious combo meal with a juicy burger, fries, and a drink.','https://example.com/burger.jpg, https://example.com/fries.jpg, https://example.com/drink.jpg',15.99,'https://example.com/burger_combo.jpg','2025-01-01 02:19:39','2025-01-01 02:19:39',NULL,'c1c6ad80-e6a0-4c52-a63c-0554d7c066fe',NULL,'fixed'),('cee5abbf-c4de-4b14-bad7-0d25ffdb6660','Deluxeeeeeeeeeeee Burger Combo','Food',0,'combo','A delicious combo meal with a juicy burger, fries, and a drink.','https://example.com/burger.jpg, https://example.com/fries.jpg, https://example.com/drink.jpg',15.99,'https://example.com/burger_combo.jpg','2025-01-01 02:26:54','2025-01-01 02:26:54',NULL,'c1c6ad80-e6a0-4c52-a63c-0554d7c066fe',NULL,'fixed'),('d6a463f3-cb0c-48a8-bf99-ede853cb3f1a','Deluxeeeeeeeeeeee Burger Combo','Food',NULL,NULL,'A delicious combo meal with a juicy burger, fries, and a drink.','https://example.com/burger.jpg, https://example.com/fries.jpg, https://example.com/drink.jpg',15.99,'https://example.com/burger_combo.jpg','2025-01-04 17:28:01','2025-01-04 17:28:01',NULL,'c1c6ad80-e6a0-4c52-a63c-0554d7c066fe',NULL,'fixed'),('fbbb3b27-0a29-4969-a211-7a01a95e4be2','Deluxeeeeeeeeeeee Burger Combo','Food',NULL,NULL,'A delicious combo meal with a juicy burger, fries, and a drink.','https://example.com/burger.jpg, https://example.com/fries.jpg, https://example.com/drink.jpg',15.99,'https://example.com/burger_combo.jpg','2025-01-01 17:34:32','2025-01-01 17:34:32',NULL,'c1c6ad80-e6a0-4c52-a63c-0554d7c066fe',NULL,'fixed');
/*!40000 ALTER TABLE `products` ENABLE KEYS */;
UNLOCK TABLES;

--
-- Dumping data for table `profiles`
--

LOCK TABLES `profiles` WRITE;
/*!40000 ALTER TABLE `profiles` DISABLE KEYS */;
INSERT INTO `profiles` (`id`, `codeUser`, `name`, `lastname`, `rut`, `profilePicture`, `createdAt`, `updatedAt`, `userId`, `PSPCustomerId`) VALUES ('154c87e4-32c9-4efb-bbe3-ad747154374e','4542d2-22304','Jeycor','Adames','0803701956',NULL,'2025-01-01 19:21:56','2025-01-01 19:21:56','bdeb2be7-d4bf-4691-8b98-a9407bd29e95',NULL),('1754519d-a93f-4eb2-abcb-25d2bf08d58d','547d28-4a4ae','asdasddad','asdasdasd','9.823.456-6',NULL,'2025-04-23 23:13:49','2025-04-23 23:13:49','239648d6-3da1-43a6-91b2-f0ef3ee1e613',NULL),('1cfc0a3b-9728-4db9-9088-9fc57c904e5e','4bdf0d-cf5c5','Jeycor','Adames','0803701956',NULL,'2025-01-01 19:22:09','2025-01-01 19:22:09','1e56bbf2-04d6-4d0a-8a5c-e9334c50fef5',NULL),('20804a8c-46f7-4e48-8173-7aa95df30d25','33a19b-03f82','Jeycor','Adames','0803701956',NULL,'2025-01-01 19:21:44','2025-01-01 19:21:44','56e3a3b4-c7c3-41fd-8e4f-2947bb870a71',NULL),('2de4323a-7724-4900-8b84-4e4baab1e6ff','f009e9-007d7','asdasd','asdasdads','9.898.946-6',NULL,'2025-04-23 23:15:53','2025-04-23 23:15:53','54b80472-7734-4011-9af9-c13d234c541d',NULL),('526a3473-fa8a-455f-a746-272b9626bedb','f39e8c-de559','Jeycor','Adames','0803701956',NULL,'2025-01-01 19:21:53','2025-01-01 19:21:53','6a706bb7-95f7-44c4-87f0-67ab5d8fcf33',NULL),('5a8eff25-a3ca-48dd-9978-7c9fee1d7044','62fccc-c8d76','Jeycor','Adames','0803701956',NULL,'2025-01-04 15:26:41','2025-01-04 15:26:41','731783b3-1877-4f19-88ae-2aa2e11f3721',NULL),('5bb9dca3-2c1c-4239-ae64-a8fab6b09e6d','2163e9-4714c','hbvf','hjcxf','1.234.567-8',NULL,'2025-04-23 21:04:21','2025-04-23 21:04:21','544edb7e-2ce0-440c-bbaf-878f05999b6f',NULL),('5d2899a0-1806-4f2e-af0c-3b6e5750aa56','a7e5d8-e98c1','Jeycor','Adames','0803701956',NULL,'2025-01-01 19:22:13','2025-01-01 19:22:13','3f46313a-be60-4230-a405-1114687be903',NULL),('5e3806f3-e163-4531-87fa-c04ab1b08f67','9ef5ff-37025','zxdx','ffcg','1.234.566-7',NULL,'2025-04-23 17:51:34','2025-04-23 17:51:34','d7076d45-6036-4fcf-bf3c-885007a3107e',NULL),('7c25e35b-77a0-4c62-9476-da626491c3f4','66c72e-22bd0','Jeycor','Adames','0803701956',NULL,'2025-01-01 19:21:50','2025-01-01 19:21:50','5a22c205-3f50-48ab-808c-be02dd4b56bc',NULL),('821e6e30-e38e-451e-8faf-e8341d9aefd6','ac66e2-6a983','dnaiel','hajsj','1.234.567-7',NULL,'2025-04-23 17:33:33','2025-04-23 17:33:33','2fdf0f3a-4fb3-45e6-b386-c61699087183',NULL),('82385ec6-b132-41b4-89f0-b504ca5f053d','a6fcc3-1b684','Jeycor','Adames','0803701956','https://res.cloudinary.com/dnnjctymr/image/upload/v1745622997/sethor/profileUser/ztnq0otfcdg9ombsrsc9.jpg','2024-08-26 23:24:44','2025-04-25 23:16:36','47881bf7-71f6-4aa5-b0c6-52ed5469b0b1','cus_4c66e3866f383d494ee2f8a50ac2b160'),('8be9bc63-59c5-436d-a006-1e68f67b47f3','36c86d-5d043','hjkv','hbcx','1.234.567-8',NULL,'2025-04-23 21:03:09','2025-04-23 21:03:09','e655ca82-f0d8-4fbe-8c41-e218b4fb1f75',NULL),('8c17c0d9-45d6-4472-b257-15c40614a267','3f79ee-22b8a','xxcc','cccc','1.234.567-8',NULL,'2025-04-24 04:01:45','2025-04-24 04:01:45','38c9bfaf-be4f-4485-8466-0b713a1e9c22',NULL),('a29ac0d9-27d1-4681-90d0-15ce1920fe6f','7a46cf-741cd','vvgb','ghjgff','12.345.678-8',NULL,'2025-04-27 02:37:39','2025-04-27 02:37:39','bd50d666-a778-4c12-b43e-d676469c8169',NULL),('ac6aaa4f-6484-4fe7-9535-761a124a7d5b','4ba8d8-459bd','bbcxx','ghgf','12.345.787-7',NULL,'2025-04-27 02:33:31','2025-04-27 02:33:31','e8f429ee-fd2c-45df-ad01-ab181b551c16',NULL),('b05319d6-d433-4cdd-ae45-65fd3877fad6','7cd3c5-c2fea','hsbbsjd','dddff','1.234.567-9',NULL,'2025-04-23 18:23:39','2025-04-23 18:23:39','fbe0403e-889d-4bf9-9b73-5ce7426e0b41',NULL),('bdd3ea49-aee4-4c0d-aef5-0ae536ba3fb1','68a775-91118','Jeycor','Adames','0803701956',NULL,'2025-01-04 15:33:19','2025-01-04 15:33:19','f64a2106-c8d3-449d-bd67-4bd7e41f8422',NULL),('c6dabee8-b258-453b-b9c2-8ad48d429205','4ad12a-5e53a','daniel','tomas','1.234.567-8',NULL,'2025-04-23 17:23:06','2025-04-23 17:23:06','51492264-a7d7-433c-9cd8-73e5564f54b6',NULL),('d080338e-35f8-4ba5-8506-6aad5151c857','844b5f-5096a','Jeycor','Adames','0803701956',NULL,'2025-01-01 19:22:05','2025-01-01 19:22:05','419395e2-f1c1-492d-90ce-1ce67b87be09',NULL),('d094aa49-28f4-4d35-9014-cef9c6a401d0','e0c0e6-3a9a0','hbvx','cvvb','1.234.567-8',NULL,'2025-04-23 21:02:02','2025-04-23 21:02:02','75b0d747-fe5b-4b4d-9cd0-a7f0250cd852',NULL),('e85a3858-7151-4abd-91ce-996529d19b1e','492a48-cf32a','fffg','ggfgg','1.234.567-8',NULL,'2025-04-23 18:27:16','2025-04-23 18:27:16','547c4d99-e92e-4f6e-863e-5208c9a8c6fa',NULL),('ef81fdd5-a8ec-40d6-b233-4c6c25ef8bc5','60feb6-b656e','Jeycor','Adames','0803701956',NULL,'2025-01-01 19:22:01','2025-01-01 19:22:01','7cb194b2-2fa5-492d-93e5-e79ff5b214d4',NULL),('f8a1ab90-0511-4a67-841b-4d75a694d1fb','89b3c1-6eb44','daniel','tomas','1.234.556-7',NULL,'2025-04-23 17:18:41','2025-04-23 17:18:41','207a4655-0aa6-4a88-8c20-aaa9b190d08a',NULL),('fc2f03f1-ee08-4d41-a1fe-a63dcfa66515','c7c038-1f019','daniel','ttt','1.234.567-8',NULL,'2025-04-23 17:16:55','2025-04-23 17:16:55','ca7cf072-85c9-4c9d-b3d7-30b448aaca42',NULL);
/*!40000 ALTER TABLE `profiles` ENABLE KEYS */;
UNLOCK TABLES;

--
-- Dumping data for table `profiles_businesses`
--

LOCK TABLES `profiles_businesses` WRITE;
/*!40000 ALTER TABLE `profiles_businesses` DISABLE KEYS */;
INSERT INTO `profiles_businesses` (`id`, `codeEmployee`, `name`, `lastname`, `rut`, `phone`, `additionalData`, `profilePicture`, `createdAt`, `updatedAt`, `usersBusinessId`) VALUES ('10699b21-7f54-4596-884f-6e5d15a27460','ce6de6-cda97','Dylan','España','08569874562','123','{\"branch\":{\"id\":\"08fe6d52-4efa-4d9b-b290-23358e8cc34b\",\"name\":\"Gran Refugio Bustamante\",\"photo\":null,\"country_cca2\":\"CL\",\"address\":\"General Bustamante 674, Providencia, Santiago, Chile\",\"googleMap\":\"https://goo.gl/maps/5sqEjRZ9JdF2\",\"main\":false,\"operatingHours\":\"{\\\"monday\\\":{\\\"start\\\":\\\"12:30 pm\\\",\\\"end\\\":\\\"12:00 am\\\"},\\\"tuesday\\\":{\\\"start\\\":\\\"12:30 pm\\\",\\\"end\\\":\\\"12:00 am\\\"},\\\"wednesday\\\":{\\\"start\\\":\\\"12:30 pm\\\",\\\"end\\\":\\\"12:00 am\\\"},\\\"thursday\\\":{\\\"start\\\":\\\"12:30 pm\\\",\\\"end\\\":\\\"12:00 am\\\"},\\\"friday\\\":{\\\"start\\\":\\\"12:30 pm\\\",\\\"end\\\":\\\"12:00 am\\\"},\\\"saturday\\\":{\\\"start\\\":\\\"12:30 pm\\\",\\\"end\\\":\\\"12:00 am\\\"},\\\"sunday\\\":{\\\"start\\\":\\\"Cerrado\\\",\\\"end\\\":\\\"Cerrado\\\"}}\",\"createdAt\":\"2024-08-27T01:02:00.000Z\",\"updatedAt\":\"2024-08-27T01:02:00.000Z\",\"businessId\":\"c1c6ad80-e6a0-4c52-a63c-0554d7c066fe\"}}',NULL,'2025-01-03 14:44:20','2025-01-03 14:44:20','c0fc833b-d986-4860-ab4b-07c6f54d1262'),('3eed72b5-308f-4f09-b15e-bfdd7e172613','9aca01-8385f','Dylan','España','08569874562','123','{\"branch\":{\"id\":\"08fe6d52-4efa-4d9b-b290-23358e8cc34b\",\"name\":\"Gran Refugio Bustamante\",\"photo\":null,\"country_cca2\":\"CL\",\"address\":\"General Bustamante 674, Providencia, Santiago, Chile\",\"googleMap\":\"https://goo.gl/maps/5sqEjRZ9JdF2\",\"main\":false,\"operatingHours\":\"{\\\"monday\\\":{\\\"start\\\":\\\"12:30 pm\\\",\\\"end\\\":\\\"12:00 am\\\"},\\\"tuesday\\\":{\\\"start\\\":\\\"12:30 pm\\\",\\\"end\\\":\\\"12:00 am\\\"},\\\"wednesday\\\":{\\\"start\\\":\\\"12:30 pm\\\",\\\"end\\\":\\\"12:00 am\\\"},\\\"thursday\\\":{\\\"start\\\":\\\"12:30 pm\\\",\\\"end\\\":\\\"12:00 am\\\"},\\\"friday\\\":{\\\"start\\\":\\\"12:30 pm\\\",\\\"end\\\":\\\"12:00 am\\\"},\\\"saturday\\\":{\\\"start\\\":\\\"12:30 pm\\\",\\\"end\\\":\\\"12:00 am\\\"},\\\"sunday\\\":{\\\"start\\\":\\\"Cerrado\\\",\\\"end\\\":\\\"Cerrado\\\"}}\",\"createdAt\":\"2024-08-27T01:02:00.000Z\",\"updatedAt\":\"2024-08-27T01:02:00.000Z\",\"businessId\":\"c1c6ad80-e6a0-4c52-a63c-0554d7c066fe\"}}',NULL,'2025-01-03 14:46:02','2025-01-03 14:46:02','8023cc3a-62b9-4ab1-bd02-7115f67e0363'),('4bc96f0d-8d70-4afc-ab62-946614854337','721cad-9513f','Dylan','España','08569874562','123','{\"branch\":{\"id\":\"08fe6d52-4efa-4d9b-b290-23358e8cc34b\",\"name\":\"Gran Refugio Bustamante\",\"photo\":null,\"country_cca2\":\"CL\",\"address\":\"General Bustamante 674, Providencia, Santiago, Chile\",\"googleMap\":\"https://goo.gl/maps/5sqEjRZ9JdF2\",\"main\":false,\"operatingHours\":\"{\\\"monday\\\":{\\\"start\\\":\\\"12:30 pm\\\",\\\"end\\\":\\\"12:00 am\\\"},\\\"tuesday\\\":{\\\"start\\\":\\\"12:30 pm\\\",\\\"end\\\":\\\"12:00 am\\\"},\\\"wednesday\\\":{\\\"start\\\":\\\"12:30 pm\\\",\\\"end\\\":\\\"12:00 am\\\"},\\\"thursday\\\":{\\\"start\\\":\\\"12:30 pm\\\",\\\"end\\\":\\\"12:00 am\\\"},\\\"friday\\\":{\\\"start\\\":\\\"12:30 pm\\\",\\\"end\\\":\\\"12:00 am\\\"},\\\"saturday\\\":{\\\"start\\\":\\\"12:30 pm\\\",\\\"end\\\":\\\"12:00 am\\\"},\\\"sunday\\\":{\\\"start\\\":\\\"Cerrado\\\",\\\"end\\\":\\\"Cerrado\\\"}}\",\"createdAt\":\"2024-08-27T01:02:00.000Z\",\"updatedAt\":\"2024-08-27T01:02:00.000Z\",\"businessId\":\"c1c6ad80-e6a0-4c52-a63c-0554d7c066fe\"}}',NULL,'2025-01-03 14:47:31','2025-01-03 14:47:31','d3b3cb9d-a8fb-460f-8246-f1c03a2919c2'),('505871ca-3d9b-4bcf-a431-a059f1265e4f','a8068a-fa5f7','Dylan','España','08569874562','123','{\"branch\":{\"id\":\"08fe6d52-4efa-4d9b-b290-23358e8cc34b\",\"name\":\"Gran Refugio Bustamante\",\"photo\":null,\"country_cca2\":\"CL\",\"address\":\"General Bustamante 674, Providencia, Santiago, Chile\",\"googleMap\":\"https://goo.gl/maps/5sqEjRZ9JdF2\",\"main\":false,\"operatingHours\":\"{\\\"monday\\\":{\\\"start\\\":\\\"12:30 pm\\\",\\\"end\\\":\\\"12:00 am\\\"},\\\"tuesday\\\":{\\\"start\\\":\\\"12:30 pm\\\",\\\"end\\\":\\\"12:00 am\\\"},\\\"wednesday\\\":{\\\"start\\\":\\\"12:30 pm\\\",\\\"end\\\":\\\"12:00 am\\\"},\\\"thursday\\\":{\\\"start\\\":\\\"12:30 pm\\\",\\\"end\\\":\\\"12:00 am\\\"},\\\"friday\\\":{\\\"start\\\":\\\"12:30 pm\\\",\\\"end\\\":\\\"12:00 am\\\"},\\\"saturday\\\":{\\\"start\\\":\\\"12:30 pm\\\",\\\"end\\\":\\\"12:00 am\\\"},\\\"sunday\\\":{\\\"start\\\":\\\"Cerrado\\\",\\\"end\\\":\\\"Cerrado\\\"}}\",\"createdAt\":\"2024-08-27T01:02:00.000Z\",\"updatedAt\":\"2024-08-27T01:02:00.000Z\",\"businessId\":\"c1c6ad80-e6a0-4c52-a63c-0554d7c066fe\"}}',NULL,'2025-01-03 14:47:15','2025-01-03 14:47:15','7cc1fecc-e5ea-4917-8e0f-696c18149bbd'),('582767ad-6177-4f6e-b53e-c9ed95dda454','f87560-6f812','Dylan','España','08569874562','123','{\"branch\":{\"id\":\"08fe6d52-4efa-4d9b-b290-23358e8cc34b\",\"name\":\"Gran Refugio Bustamante\",\"photo\":null,\"country_cca2\":\"CL\",\"address\":\"General Bustamante 674, Providencia, Santiago, Chile\",\"googleMap\":\"https://goo.gl/maps/5sqEjRZ9JdF2\",\"main\":false,\"operatingHours\":\"{\\\"monday\\\":{\\\"start\\\":\\\"12:30 pm\\\",\\\"end\\\":\\\"12:00 am\\\"},\\\"tuesday\\\":{\\\"start\\\":\\\"12:30 pm\\\",\\\"end\\\":\\\"12:00 am\\\"},\\\"wednesday\\\":{\\\"start\\\":\\\"12:30 pm\\\",\\\"end\\\":\\\"12:00 am\\\"},\\\"thursday\\\":{\\\"start\\\":\\\"12:30 pm\\\",\\\"end\\\":\\\"12:00 am\\\"},\\\"friday\\\":{\\\"start\\\":\\\"12:30 pm\\\",\\\"end\\\":\\\"12:00 am\\\"},\\\"saturday\\\":{\\\"start\\\":\\\"12:30 pm\\\",\\\"end\\\":\\\"12:00 am\\\"},\\\"sunday\\\":{\\\"start\\\":\\\"Cerrado\\\",\\\"end\\\":\\\"Cerrado\\\"}}\",\"createdAt\":\"2024-08-27T01:02:00.000Z\",\"updatedAt\":\"2024-08-27T01:02:00.000Z\",\"businessId\":\"c1c6ad80-e6a0-4c52-a63c-0554d7c066fe\"}}',NULL,'2025-01-02 20:47:05','2025-01-02 20:47:05','0b24ed59-2903-45d2-a9c4-366e6050bde1'),('5cec6f6c-66a4-4f55-b3d2-25ab80dcfbcc',NULL,'Jane','Doe','123456178-9','+56987654321',NULL,NULL,'2024-12-31 16:59:24','2024-12-31 16:59:24','ed62691f-3649-4dec-8b01-f78cade22069'),('5e121562-d70a-4fad-b0ff-43bc6a08c67f',NULL,'Jane','Doe','123456178-9','+56987654321',NULL,NULL,'2024-12-31 15:27:19','2024-12-31 15:27:19','48b85a4e-b571-4ceb-9682-0620ec61a9b9'),('78656b75-5079-47f3-84bb-716560267cf8',NULL,'Jane','Doe','12345678-9','+56987654321',NULL,'https://res.cloudinary.com/dnnjctymr/image/upload/v1745242079/sethor/profileUserBusiness/zkzwdfbodnis9kqmkvck.jpg','2024-08-26 23:40:08','2025-04-21 13:28:00','3857581b-a4f1-4977-831a-bbc3374a06a4'),('9200b124-2fe1-418b-a339-c23b105c2227','368a1a-6626a','Dylan','España','08569874562','123','{\"branch\":{\"id\":\"08fe6d52-4efa-4d9b-b290-23358e8cc34b\",\"name\":\"Gran Refugio Bustamante\",\"photo\":null,\"country_cca2\":\"CL\",\"address\":\"General Bustamante 674, Providencia, Santiago, Chile\",\"googleMap\":\"https://goo.gl/maps/5sqEjRZ9JdF2\",\"main\":false,\"operatingHours\":\"{\\\"monday\\\":{\\\"start\\\":\\\"12:30 pm\\\",\\\"end\\\":\\\"12:00 am\\\"},\\\"tuesday\\\":{\\\"start\\\":\\\"12:30 pm\\\",\\\"end\\\":\\\"12:00 am\\\"},\\\"wednesday\\\":{\\\"start\\\":\\\"12:30 pm\\\",\\\"end\\\":\\\"12:00 am\\\"},\\\"thursday\\\":{\\\"start\\\":\\\"12:30 pm\\\",\\\"end\\\":\\\"12:00 am\\\"},\\\"friday\\\":{\\\"start\\\":\\\"12:30 pm\\\",\\\"end\\\":\\\"12:00 am\\\"},\\\"saturday\\\":{\\\"start\\\":\\\"12:30 pm\\\",\\\"end\\\":\\\"12:00 am\\\"},\\\"sunday\\\":{\\\"start\\\":\\\"Cerrado\\\",\\\"end\\\":\\\"Cerrado\\\"}}\",\"createdAt\":\"2024-08-27T01:02:00.000Z\",\"updatedAt\":\"2024-08-27T01:02:00.000Z\",\"businessId\":\"c1c6ad80-e6a0-4c52-a63c-0554d7c066fe\"}}',NULL,'2025-01-03 14:38:48','2025-01-03 14:38:48','021922a8-0a96-42c3-b942-1e9df1f6c701'),('9339afb1-4489-4454-8d2e-f03d92935322','3395b5-c91d9','Dylan','España','08569874562','123','{\"branch\":{\"id\":\"08fe6d52-4efa-4d9b-b290-23358e8cc34b\",\"name\":\"Gran Refugio Bustamante\",\"photo\":null,\"country_cca2\":\"CL\",\"address\":\"General Bustamante 674, Providencia, Santiago, Chile\",\"googleMap\":\"https://goo.gl/maps/5sqEjRZ9JdF2\",\"main\":false,\"operatingHours\":\"{\\\"monday\\\":{\\\"start\\\":\\\"12:30 pm\\\",\\\"end\\\":\\\"12:00 am\\\"},\\\"tuesday\\\":{\\\"start\\\":\\\"12:30 pm\\\",\\\"end\\\":\\\"12:00 am\\\"},\\\"wednesday\\\":{\\\"start\\\":\\\"12:30 pm\\\",\\\"end\\\":\\\"12:00 am\\\"},\\\"thursday\\\":{\\\"start\\\":\\\"12:30 pm\\\",\\\"end\\\":\\\"12:00 am\\\"},\\\"friday\\\":{\\\"start\\\":\\\"12:30 pm\\\",\\\"end\\\":\\\"12:00 am\\\"},\\\"saturday\\\":{\\\"start\\\":\\\"12:30 pm\\\",\\\"end\\\":\\\"12:00 am\\\"},\\\"sunday\\\":{\\\"start\\\":\\\"Cerrado\\\",\\\"end\\\":\\\"Cerrado\\\"}}\",\"createdAt\":\"2024-08-27T01:02:00.000Z\",\"updatedAt\":\"2024-08-27T01:02:00.000Z\",\"businessId\":\"c1c6ad80-e6a0-4c52-a63c-0554d7c066fe\"}}',NULL,'2025-01-03 14:41:56','2025-01-03 14:41:56','9603a865-26e7-4df0-b9e9-8dfeac98fcb0'),('95b34b75-e258-4bb6-b71e-b0f14cbff64d',NULL,'Pedro','España','0803701895','8994236502',NULL,NULL,'2024-09-14 00:09:47','2024-09-14 00:09:47','e7be07ba-68db-4f6b-91ec-393abcb2d000'),('a1592598-dd74-489f-a2dd-a9c177e53926','022','Dylan','Cervantes','08037023','+593997237902','{\"branch\":{\"id\":\"08fe6d52-4efa-4d9b-b290-23358e8cc34b\",\"name\":\"Gran Refugio Bustamante\",\"address\":\"General Bustamante 674, Providencia, Santiago, Chile\",\"googleMap\":\"https://goo.gl/maps/5sqEjRZ9JdF2\",\"operatingHours\":\"{\\\"monday\\\":{\\\"start\\\":\\\"12:30 pm\\\",\\\"end\\\":\\\"12:00 am\\\"},\\\"tuesday\\\":{\\\"start\\\":\\\"12:30 pm\\\",\\\"end\\\":\\\"12:00 am\\\"},\\\"wednesday\\\":{\\\"start\\\":\\\"12:30 pm\\\",\\\"end\\\":\\\"12:00 am\\\"},\\\"thursday\\\":{\\\"start\\\":\\\"12:30 pm\\\",\\\"end\\\":\\\"12:00 am\\\"},\\\"friday\\\":{\\\"start\\\":\\\"12:30 pm\\\",\\\"end\\\":\\\"12:00 am\\\"},\\\"saturday\\\":{\\\"start\\\":\\\"12:30 pm\\\",\\\"end\\\":\\\"12:00 am\\\"},\\\"sunday\\\":{\\\"start\\\":\\\"Cerrado\\\",\\\"end\\\":\\\"Cerrado\\\"}}\",\"createdAt\":\"2024-08-27T01:02:00.000Z\",\"updatedAt\":\"2024-08-27T01:02:00.000Z\",\"businessId\":\"c1c6ad80-e6a0-4c52-a63c-0554d7c066fe\"},\"employeeSchedule\":{\"startTime\":\"2024-08-28T00:45:41.762Z\",\"departureTime\":\"2024-08-28T00:45:41.762Z\"}}','https://media.istockphoto.com/id/1626178838/es/foto/joven-hombre-de-negocios-sonriente-mirando-a-la-c%C3%A1mara-en-la-oficina-retrato-de-la-cabeza.webp?b=1&s=612x612&w=0&k=20&c=zm83jEb98265No1suMfExubcghUE1G-ERHeHRrBk8L4=','2024-08-28 00:44:31','2024-08-28 00:44:31','12a2d8af-71b2-45c6-b7b1-17295da5e566'),('a41890b6-7500-4b74-b961-8d0316745d8d','011','Juan','Greet','0947859','+593997237902','{\"branch\":{\"id\":\"08fe6d52-4efa-4d9b-b290-23358e8cc34b\",\"name\":\"Gran Refugio Bustamante\",\"address\":\"General Bustamante 674, Providencia, Santiago, Chile\",\"googleMap\":\"https://goo.gl/maps/5sqEjRZ9JdF2\",\"operatingHours\":\"{\\\"monday\\\":{\\\"start\\\":\\\"12:30 pm\\\",\\\"end\\\":\\\"12:00 am\\\"},\\\"tuesday\\\":{\\\"start\\\":\\\"12:30 pm\\\",\\\"end\\\":\\\"12:00 am\\\"},\\\"wednesday\\\":{\\\"start\\\":\\\"12:30 pm\\\",\\\"end\\\":\\\"12:00 am\\\"},\\\"thursday\\\":{\\\"start\\\":\\\"12:30 pm\\\",\\\"end\\\":\\\"12:00 am\\\"},\\\"friday\\\":{\\\"start\\\":\\\"12:30 pm\\\",\\\"end\\\":\\\"12:00 am\\\"},\\\"saturday\\\":{\\\"start\\\":\\\"12:30 pm\\\",\\\"end\\\":\\\"12:00 am\\\"},\\\"sunday\\\":{\\\"start\\\":\\\"Cerrado\\\",\\\"end\\\":\\\"Cerrado\\\"}}\",\"createdAt\":\"2024-08-27T01:02:00.000Z\",\"updatedAt\":\"2024-08-27T01:02:00.000Z\",\"businessId\":\"c1c6ad80-e6a0-4c52-a63c-0554d7c066fe\"}}','https://images.unsplash.com/photo-1560250097-0b93528c311a?q=80&w=1374&auto=format&fit=crop&ixlib=rb-4.0.3&ixid=M3wxMjA3fDB8MHxwaG90by1wYWdlfHx8fGVufDB8fHx8fA%3D%3D','2024-08-28 00:47:33','2024-08-28 00:47:33','e6494b0f-d8ab-495e-a8e4-4000144b2f90'),('d5afc96e-15aa-4623-8e58-862b4a60a997',NULL,'Jane','Doe','123456178-9','+56987654321',NULL,NULL,'2024-12-31 15:25:05','2024-12-31 15:25:05','11b77381-6746-4c52-a0ac-9301efa3b724'),('d8dc1966-0d9d-45bc-b2d8-fb37a6361bca',NULL,'Jane','Doe','12345678-9','+56987654321',NULL,NULL,'2024-12-31 15:20:38','2024-12-31 15:20:38','cf79e374-19f4-471f-b183-e66cf1489ba9');
/*!40000 ALTER TABLE `profiles_businesses` ENABLE KEYS */;
UNLOCK TABLES;

--
-- Dumping data for table `representative_sethors`
--

LOCK TABLES `representative_sethors` WRITE;
/*!40000 ALTER TABLE `representative_sethors` DISABLE KEYS */;
/*!40000 ALTER TABLE `representative_sethors` ENABLE KEYS */;
UNLOCK TABLES;

--
-- Dumping data for table `soldproductstatistics`
--

LOCK TABLES `soldproductstatistics` WRITE;
/*!40000 ALTER TABLE `soldproductstatistics` DISABLE KEYS */;
/*!40000 ALTER TABLE `soldproductstatistics` ENABLE KEYS */;
UNLOCK TABLES;

-- --
-- -- Dumping data for table `user_business_roles`
-- --

-- LOCK TABLES `user_business_roles` WRITE;
-- /*!40000 ALTER TABLE `user_business_roles` DISABLE KEYS */;
-- INSERT INTO `user_business_roles` (`id`, `role`, `createdAt`, `updatedAt`) VALUES ('693a2964-5928-4c14-8276-5f16f2bb1355','manager','2024-08-26 23:17:35','2024-08-26 23:17:35'),('7a5235f6-09ab-4438-8819-84b33ba5411f','admin','2024-08-26 23:17:35','2024-08-26 23:17:35'),('9761a93d-c401-47cf-84cd-56930b361b3a','owner','2024-08-26 23:17:35','2024-08-26 23:17:35'),('eb06d242-be98-48d8-b6db-af16296c6250','collector','2024-08-26 23:17:35','2024-08-26 23:17:35');
-- /*!40000 ALTER TABLE `user_business_roles` ENABLE KEYS */;
-- UNLOCK TABLES;

--
-- Dumping data for table `users`
--

LOCK TABLES `users` WRITE;
/*!40000 ALTER TABLE `users` DISABLE KEYS */;
INSERT INTO `users` (`id`, `email`, `password`, `resetPasswordCode`, `resetPasswordExpires`, `createdAt`, `updatedAt`) VALUES ('1e56bbf2-04d6-4d0a-8a5c-e9334c50fef5','tretretret@gmail.com','$2b$10$shVzAUBjxk5gNeO4Ixd1decQfWoPPCsnZNfQOsBbQUNAoeIdJbRY6',NULL,NULL,'2025-01-01 19:22:09','2025-01-01 19:22:09'),('207a4655-0aa6-4a88-8c20-aaa9b190d08a','daniel@gmail.com','$2b$10$FVl3s.v6.fPgcTtND4hpoe3yrZ0992l2v4yU7rpb4EKZdsxvKaZPq','838218','2025-04-23 22:39:29','2025-04-23 17:18:41','2025-04-23 21:39:29'),('239648d6-3da1-43a6-91b2-f0ef3ee1e613','abcasd@gmail.com','$2b$10$TFfClqtPLbse/cQWE1H.zend6hoJQrgN/Y0aWuDAbv6lMaWOk4S2u',NULL,NULL,'2025-04-23 23:13:49','2025-04-23 23:13:49'),('2fdf0f3a-4fb3-45e6-b386-c61699087183','pr@gmail.com','$2b$10$fv5muhiNlpPWRpuAX4ZB6e8IIxO3aEHhgopK2FUWrCNgVUEOcqht6',NULL,NULL,'2025-04-23 17:33:33','2025-04-23 17:33:33'),('38c9bfaf-be4f-4485-8466-0b713a1e9c22','danielstomas@gmail.com','$2b$10$pRpwwfNXGOjGzdivcqSVguLIAsyfhGJf2XizovdJHW/XRqRfqs/JO',NULL,NULL,'2025-04-24 04:01:45','2025-04-24 04:01:45'),('3f46313a-be60-4230-a405-1114687be903','dsadasdcsdqc@gmail.com','$2b$10$YO2pYfIU7XRhu2gfrltaiuCDjUZ0hAA4LZsBeYGQbQFW7uk49x6De',NULL,NULL,'2025-01-01 19:22:13','2025-01-01 19:22:13'),('419395e2-f1c1-492d-90ce-1ce67b87be09','dsadcasd@gmail.com','$2b$10$RDxwQuxjeEoWSxRmXYGviOVaCjASxcdwMgvTOhLABG56dhsW7eOK.',NULL,NULL,'2025-01-01 19:22:05','2025-01-01 19:22:05'),('47881bf7-71f6-4aa5-b0c6-52ed5469b0b1','jeycoradames@gmail.com','$2b$10$ISiFYRffxXcQBQ9KxYPfNefKdGPqI44oIi.haPzd3xOneuPTJgG5.','707719','2025-04-26 00:20:21','2024-08-26 23:24:44','2025-04-25 23:20:21'),('51492264-a7d7-433c-9cd8-73e5564f54b6','prueba@gmail.com','$2b$10$My6PKoBLE/6LmF9Ym2isF.RHz5zOCrf1JJxv2FP19SLvFv7l/y726',NULL,NULL,'2025-04-23 17:23:06','2025-04-23 17:23:06'),('544edb7e-2ce0-440c-bbaf-878f05999b6f','vhgfr@gmail.com','$2b$10$kZa4ADjEQp.lFCpGJ4dSCuqYPI9q38BqV7F0OTIFwSUfdxkV58J7a',NULL,NULL,'2025-04-23 21:04:21','2025-04-23 21:04:21'),('547c4d99-e92e-4f6e-863e-5208c9a8c6fa','jnng@gmail.com','$2b$10$98S8myEFJf5VncZra3JeaeIJQi6SHGIZAJjJzCEFrFBjd4bA7nnxy',NULL,NULL,'2025-04-23 18:27:16','2025-04-23 18:27:16'),('54b80472-7734-4011-9af9-c13d234c541d','fdsdfds@gmail.com','$2b$10$I7UFG80ou7Zf.fv280pdqeTuVp85dPJoYSB19pgXvjjNm2HMi4kmG',NULL,NULL,'2025-04-23 23:15:53','2025-04-23 23:15:53'),('56e3a3b4-c7c3-41fd-8e4f-2947bb870a71','jeycoradamesdd@gmail.com','$2b$10$.UagOQCUasD5gXQO.1DVKOc/n1Lpp5Yn6ZHXWqbrcHsbm8pvsQavW',NULL,NULL,'2025-01-01 19:21:44','2025-01-01 19:21:44'),('5a22c205-3f50-48ab-808c-be02dd4b56bc','dyladsa@gmail.com','$2b$10$VT.GufjATDZhzV1LMkYNvOi7AQmui9yveyxQztpDLMUjc.ZY/K1A2',NULL,NULL,'2025-01-01 19:21:50','2025-01-01 19:21:50'),('6a706bb7-95f7-44c4-87f0-67ab5d8fcf33','rerer@gmail.com','$2b$10$kEU2IT4fTeJ8WOIGX6ti1eHzXgy0SENDum74fUQBmw5MerveHSPnW',NULL,NULL,'2025-01-01 19:21:53','2025-01-01 19:21:53'),('731783b3-1877-4f19-88ae-2aa2e11f3721','jeycoradamesd@gmail.com','$2b$10$88RrJmDJ69b7kMZWn4f.P.qX3xRDV3pj4LbaT7FVx.PiotzR/Uoca',NULL,NULL,'2025-01-04 15:26:41','2025-01-04 15:26:41'),('75b0d747-fe5b-4b4d-9cd0-a7f0250cd852','hbhg@gmail.com','$2b$10$hAE/GxVYuULQtlTqtDippeSewhyvzwO700C817z5Wrsrv7h8Nb7aC',NULL,NULL,'2025-04-23 21:02:02','2025-04-23 21:02:02'),('7cb194b2-2fa5-492d-93e5-e79ff5b214d4','twrewfdas@gmail.com','$2b$10$IzMVq81fLGU.F.biTK3MZugLiNHHkN4OckipW.e9N1zpK606udLae',NULL,NULL,'2025-01-01 19:22:01','2025-01-01 19:22:01'),('90940e79-d70d-4f99-a89d-e9d641f5c03c','jeycoradamedsd@gmail.com','$2b$10$906CSQNFvv0RssS1GzNwfO8jRcbEjH2GF9hNSgr4Igttgc3z2JsDe',NULL,NULL,'2025-01-04 15:30:31','2025-01-04 15:30:31'),('bd50d666-a778-4c12-b43e-d676469c8169','prueba2@gmail.com','$2b$10$pRerWbyjb9nr0IGTwsE2fOF32yQQJB4cnzmUH33gVOf0gFGRz.eRi',NULL,NULL,'2025-04-27 02:37:39','2025-04-27 02:37:39'),('bdeb2be7-d4bf-4691-8b98-a9407bd29e95','dadasd@gmail.com','$2b$10$AkeBQZ.uk3IT5KnLNXb6AO2S75k6jQ9WcVFWYPLm8sms1EINcJ8JG',NULL,NULL,'2025-01-01 19:21:56','2025-01-01 19:21:56'),('ca7cf072-85c9-4c9d-b3d7-30b448aaca42','vbbh@gmail.com','$2b$10$Se6zso/CziD1C3ylz5Lvre9lj6Vk39pHGohe1XGTREwCBDpVUJojy',NULL,NULL,'2025-04-23 17:16:55','2025-04-23 17:16:55'),('d7076d45-6036-4fcf-bf3c-885007a3107e','assdb@gmail.com','$2b$10$SWASCRQkciftVdJVp1iFBO.45VGFD4KDD99WVdD.LvIfuUV/w2NqK',NULL,NULL,'2025-04-23 17:51:34','2025-04-23 17:51:34'),('e655ca82-f0d8-4fbe-8c41-e218b4fb1f75','hlbhg@gmail.com','$2b$10$HI4a3ViHjAebIMcpq6W7ieBwcuJn1gGVdDqcivfvhyc8WLiiOoxDu',NULL,NULL,'2025-04-23 21:03:09','2025-04-23 21:03:09'),('e8f429ee-fd2c-45df-ad01-ab181b551c16','prueba1@gmail.com','$2b$10$kIFWu8Zt/16nZeWWXK2NR.aERxeoQHLDzEsM.vsvR5i8iIbB2Zz36',NULL,NULL,'2025-04-27 02:33:31','2025-04-27 02:33:31'),('f64a2106-c8d3-449d-bd67-4bd7e41f8422','jeycoradamedsd@dgmail.com','$2b$10$HnUl84oKJ/sqPePlUM414eAVMC7o.x7.sQ.RUqfTjYHzjJ3rvUv/u',NULL,NULL,'2025-01-04 15:33:19','2025-01-04 15:33:19'),('fbe0403e-889d-4bf9-9b73-5ce7426e0b41','hjli@gmail.com','$2b$10$kdfhGf.7Q9DiUeYXmOQkc.cSUhpdjX3Fabok7kEcubqr.ZKtecwlK',NULL,NULL,'2025-04-23 18:23:39','2025-04-23 18:23:39');
/*!40000 ALTER TABLE `users` ENABLE KEYS */;
UNLOCK TABLES;

--
-- Dumping data for table `users_businesses`
--

LOCK TABLES `users_businesses` WRITE;
/*!40000 ALTER TABLE `users_businesses` DISABLE KEYS */;
INSERT INTO `users_businesses` (`id`, `email`, `keyword`, `credential`, `password`, `status`, `createdAt`, `updatedAt`, `userBusinessRoleId`) VALUES ('021922a8-0a96-42c3-b942-1e9df1f6c701','colledctddodr@example.com','codlledddctor','08569874562.codlledddctor','$2b$10$SoCT.BMogIe9flJBBjHgguIDv3/FA8Piape2hBeOZTIA7Ruas9BP6','active','2025-01-03 14:38:48','2025-01-03 14:38:48','eb06d242-be98-48d8-b6db-af16296c6250'),('0b24ed59-2903-45d2-a9c4-366e6050bde1','collectddor@example.com','codlledctor','08569874562.codlledctor','$2b$10$Fu6ZsPv23h0z7IDbvGUTcushU3aySqmsfAGiVCmkVf7oUoU2PIv1a','active','2025-01-02 20:47:05','2025-01-02 20:47:05','eb06d242-be98-48d8-b6db-af16296c6250'),('11b77381-6746-4c52-a0ac-9301efa3b724','aownerd+demo2024@gmail.com','aBusinessOwnerDemo','123456178-9.aBusinessOwnerDemo','$2b$10$QAo9E7tf2AmHu8tL5gJzDe2UFW9F0mbU4FRaCbPA6zsDJYK2Barx6','active','2024-12-31 15:25:05','2024-12-31 15:25:05','9761a93d-c401-47cf-84cd-56930b361b3a'),('12a2d8af-71b2-45c6-b7b1-17295da5e566','dylan@gmail.com','cobrador','08037023.cobrador','$2b$10$A83f2k9AyYI3ZJXgwRtA.OU0ATDYUNkBCRbSwIv215/WTLTAYXtAC','active','2024-08-28 00:44:31','2024-08-28 00:44:31','eb06d242-be98-48d8-b6db-af16296c6250'),('19f3e62a-bbc8-4d5c-b1b3-7137c55c58ec','collectdor@example.com','codllector','08569874562.codllector','$2b$10$NBrSSruaECSs46o3eco1/e3gGQGSw.IIXG8K/dk1FwY640x1Uhy/.','active','2025-01-02 20:46:40','2025-01-02 20:46:40','eb06d242-be98-48d8-b6db-af16296c6250'),('3857581b-a4f1-4977-831a-bbc3374a06a4','owner+demo2024@gmail.com','BusinessOwnerDemo','12345678-9.BusinessOwnerDemo','$2b$10$rRBnAUvniuPa5iwxZD7sfexi7/7JkxSNgif2ozFwqe4jNy3CE8CxW','active','2024-08-26 23:40:08','2024-08-26 23:40:08','9761a93d-c401-47cf-84cd-56930b361b3a'),('48b85a4e-b571-4ceb-9682-0620ec61a9b9','aownedrd+demo2024@gmail.com','aBusidnessOwnerDemo','123456178-9.aBusidnessOwnerDemo','$2b$10$7J628aoioXKzANNRolRTCOspSjAryw2T0p4HcpUznlcBCoiSEa71G','active','2024-12-31 15:27:19','2024-12-31 15:27:19','9761a93d-c401-47cf-84cd-56930b361b3a'),('4d8778b8-2156-430b-93e5-8265dc138703','collectddodr@example.com','codlleddctor','08569874562.codlleddctor','$2b$10$LQ8MHGTFgnDEHGlpPlAQ9ua3klgDn/izsissbe/.Y3d/NYwzMqsCO','active','2025-01-03 14:38:01','2025-01-03 14:38:01','eb06d242-be98-48d8-b6db-af16296c6250'),('7cc1fecc-e5ea-4917-8e0f-696c18149bbd','colledctdddadoddr@example.com','codlledddddddctor','08569874562.codlledddddddctor','$2b$10$8MjRzronXh0m8n21bfA/r.Ejy4EJpPHV8iUStesIHcDnjGP.qJ2/W','active','2025-01-03 14:47:15','2025-01-03 14:47:15','eb06d242-be98-48d8-b6db-af16296c6250'),('8023cc3a-62b9-4ab1-bd02-7115f67e0363','colledctddddoddr@example.com','codlleddddddctor','08569874562.codlleddddddctor','$2b$10$B6WhKgrdYKFAlcF1o5gAee12/ON801vmKNim81.fQcebyPtKjyVxy','active','2025-01-03 14:46:02','2025-01-03 14:46:02','eb06d242-be98-48d8-b6db-af16296c6250'),('80c325cf-3333-4983-80cf-fd59e3abea32','collector@example.com','collector','08569874562.collector','$2b$10$V9TVDdg/g2B.aYHMe0Uliu4ZTmwAK80nxab74LKSdEiYYqYh8yfTK','active','2025-01-02 20:46:16','2025-01-02 20:46:16','eb06d242-be98-48d8-b6db-af16296c6250'),('9603a865-26e7-4df0-b9e9-8dfeac98fcb0','colledctddoddr@example.com','codlleddddctor','08569874562.codlleddddctor','$2b$10$5m0FhUGxeAEFhQpaFqPj7uyWKPZ4wQ3qSly9tJzHS/uoFvtpzXFrK','active','2025-01-03 14:41:56','2025-01-03 14:41:56','eb06d242-be98-48d8-b6db-af16296c6250'),('c0fc833b-d986-4860-ab4b-07c6f54d1262','colledctdddoddr@example.com','codlledddddctor','08569874562.codlledddddctor','$2b$10$5QyA9GmUubPh6OnvlINMheDCvK.Bt0Zs8VVsJJ0.oszwPkluKPDTy','active','2025-01-03 14:44:20','2025-01-03 14:44:20','eb06d242-be98-48d8-b6db-af16296c6250'),('cf79e374-19f4-471f-b183-e66cf1489ba9','aowner+demo2024@gmail.com','aBusinessOwnerDemo','12345678-9.aBusinessOwnerDemo','$2b$10$0lq0fiHHbEwKNfm8TBVXo.T3/U.HjVaA1jmn.zeXdyKS9X6hRrFuu','active','2024-12-31 15:20:38','2024-12-31 15:20:38','9761a93d-c401-47cf-84cd-56930b361b3a'),('d3b3cb9d-a8fb-460f-8246-f1c03a2919c2','colledctdddaddoddr@example.com','codlleddddsdddctor','08569874562.codlleddddsdddctor','$2b$10$9f0dewfyvzoT.FqHDmnL7.bePlNAh.kLSuCkXURaf6E83u897tSw2','active','2025-01-03 14:47:31','2025-01-03 14:47:31','eb06d242-be98-48d8-b6db-af16296c6250'),('e6494b0f-d8ab-495e-a8e4-4000144b2f90','juan@sethor.com','gere','0947859.gere','$2b$10$RABMqcdiSkuhGPgQFi6t2OMXJR0KW7wXNAfxwkmh96fv2pkQDsuXO','active','2024-08-28 00:47:33','2024-08-28 00:47:33','693a2964-5928-4c14-8276-5f16f2bb1355'),('e7be07ba-68db-4f6b-91ec-393abcb2d000','gownerbeats@gmail.com','owner2','0803701895.owner2','$2b$10$BBbsZ7o3sRkWV1Xc2S3DPuzmf6ejlLIuRZk0ihqHrI0FQLGVzjrEm','active','2024-09-14 00:09:47','2024-09-14 00:09:47','9761a93d-c401-47cf-84cd-56930b361b3a'),('ed62691f-3649-4dec-8b01-f78cade22069','aowneddrd+demo2024@gmail.com','aBudsidnessOwnerDemo','123456178-9.aBudsidnessOwnerDemo','$2b$10$24uM9jrj2ICljjGoP3W4qOeefPbXt5R6svLRB7VequqYdpLwxhWDu','active','2024-12-31 16:59:23','2024-12-31 16:59:23','9761a93d-c401-47cf-84cd-56930b361b3a');
/*!40000 ALTER TABLE `users_businesses` ENABLE KEYS */;
UNLOCK TABLES;
/*!40103 SET TIME_ZONE=@OLD_TIME_ZONE */;

/*!40101 SET SQL_MODE=@OLD_SQL_MODE */;
/*!40014 SET FOREIGN_KEY_CHECKS=@OLD_FOREIGN_KEY_CHECKS */;
/*!40014 SET UNIQUE_CHECKS=@OLD_UNIQUE_CHECKS */;
/*!40101 SET CHARACTER_SET_CLIENT=@OLD_CHARACTER_SET_CLIENT */;
/*!40101 SET CHARACTER_SET_RESULTS=@OLD_CHARACTER_SET_RESULTS */;
/*!40101 SET COLLATION_CONNECTION=@OLD_COLLATION_CONNECTION */;
/*!40111 SET SQL_NOTES=@OLD_SQL_NOTES */;

-- Dump completed on 2025-04-28  9:26:01
